user_query_id,url,html_tag,file_type,files,date
1,https://en.wikipedia.org/wiki/Ultimate_Fighting_Championship,ufc_tables,xlsx,,2021-11-28 21:41:57.867256
2,https://en.wikipedia.org/wiki/Ultimate_Fighting_Championship,ufc_tables,xlsx,,2021-11-28 21:42:49.346032
3,https://www.w3schools.com/sql/sql_create_table.asp,totoptop,csv,1,2021-11-28 21:47:15.003944
4,http://tmall.com/sit/amet/consectetuer/adipiscing/elit.html,h2,docx,43,1953-06-24 22:59:10
5,http://vimeo.com/condimentum/id/luctus.json,h1,docx,59,1996-10-31 21:08:58
6,https://weather.com/cras/pellentesque/volutpat.aspx,ul,doc,21,2000-04-23 00:21:03
7,http://newsvine.com/ac/consequat/metus/sapien/ut.json,h1,doc,7,1937-06-05 14:54:35
8,https://irs.gov/dolor.jsp,section,xls,30,1945-09-27 08:22:41
9,https://spiegel.de/convallis/eget/eleifend/luctus/ultricies.aspx,h3,txt,75,1941-10-31 12:32:31
10,https://elpais.com/elementum/eu.js,h2,txt,45,1943-01-17 12:19:40
11,https://ameblo.jp/nisl/duis/ac/nibh/fusce/lacus.html,a,csv,10,1991-10-07 00:55:33
12,http://soundcloud.com/eleifend/donec.jpg,li,docx,11,1938-05-14 08:15:40
13,https://bbc.co.uk/dapibus.xml,p,xls,46,2009-06-09 00:57:38
14,https://oakley.com/consequat/lectus/in/est.json,ol,html,10,2021-09-17 16:28:51
15,https://ihg.com/dis/parturient/montes.png,li,txt,25,1998-05-06 18:49:19
16,https://time.com/orci/luctus/et/ultrices.jpg,section,pdf,27,2019-12-21 13:43:08
17,http://guardian.co.uk/non/interdum.json,main,html,7,1988-12-30 17:11:51
18,http://hibu.com/massa.aspx,section,csv,18,1965-11-03 03:19:07
19,https://youtube.com/sapien.jsp,h3,xls,24,1943-08-07 12:50:35
20,http://meetup.com/elementum/ligula/vehicula/consequat/morbi/a/ipsum.png,div,html,44,1945-01-16 11:10:31
21,https://barnesandnoble.com/lacinia/sapien/quis/libero/nullam/sit.js,li,txt,66,2021-02-05 20:43:10
22,http://blogs.com/ipsum/dolor/sit/amet/consectetuer.png,a,pdf,68,1978-09-26 20:10:01
23,https://themeforest.net/rutrum/ac/lobortis/vel.jpg,section,txt,75,1964-09-03 23:26:55
24,http://elegantthemes.com/vivamus/in/felis/eu.xml,li,docx,51,1981-07-22 04:22:28
25,http://toplist.cz/pede/lobortis/ligula/sit/amet/eleifend/pede.js,a,docx,41,1981-09-18 16:53:15
26,http://discuz.net/posuere.json,ul,doc,54,1965-08-20 03:50:26
27,https://dailymail.co.uk/morbi/non/lectus/aliquam/sit/amet/diam.xml,h2,pdf,10,1970-01-15 06:50:47
28,http://nifty.com/faucibus/orci/luctus/et/ultrices.html,section,html,56,1946-04-16 14:08:04
29,http://flickr.com/dolor/quis.js,h2,pdf,30,1950-04-09 11:53:17
30,http://usgs.gov/libero/non/mattis/pulvinar/nulla/pede.jsp,p,xls,25,2000-10-06 07:49:26
31,http://amazon.de/ridiculus/mus.aspx,h3,pdf,49,2018-01-29 01:24:08
32,http://addthis.com/donec/diam.jsp,ul,pdf,5,1940-09-07 23:15:07
33,http://clickbank.net/vulputate/elementum/nullam/varius/nulla.aspx,h3,doc,54,2018-09-26 23:32:49
34,https://ihg.com/nulla/ultrices.jpg,p,xls,29,1989-10-25 17:15:36
35,https://narod.ru/augue.json,ol,docx,55,1973-07-16 01:35:33
36,http://techcrunch.com/in/faucibus/orci.json,h1,pdf,13,1936-11-08 06:19:40
37,https://google.co.uk/ligula/vehicula/consequat/morbi/a.aspx,h1,csv,18,1948-10-26 16:43:45
38,https://photobucket.com/vestibulum/vestibulum/ante/ipsum.png,img,csv,6,1973-12-14 22:54:15
39,https://instagram.com/sapien.aspx,h2,html,57,1967-09-24 07:49:48
40,http://fda.gov/pulvinar/lobortis/est/phasellus/sit/amet.aspx,h2,html,12,1966-12-02 05:56:53
41,http://buzzfeed.com/dictumst/morbi/vestibulum/velit/id/pretium/iaculis.png,ol,xls,73,2016-11-14 01:58:04
42,http://ebay.co.uk/etiam/faucibus/cursus.xml,div,xls,8,2021-08-29 15:23:52
43,http://telegraph.co.uk/hac/habitasse.js,section,pdf,9,1941-09-22 09:27:31
44,https://i2i.jp/sit/amet/nunc/viverra/dapibus/nulla.xml,h1,html,2,1977-11-14 22:26:30
45,http://youtu.be/ut/erat/curabitur/gravida/nisi.png,h3,html,36,2018-12-06 06:01:27
46,https://google.pl/molestie.js,ol,pdf,35,1975-09-22 18:06:55
47,https://comcast.net/faucibus/orci/luctus.html,section,xlsx,22,1973-10-12 04:45:56
48,https://g.co/sagittis/sapien/cum/sociis/natoque.html,ul,doc,31,2017-04-12 10:22:32
49,http://shop-pro.jp/praesent/id/massa/id/nisl.json,p,csv,43,1936-09-04 04:23:54
50,http://uol.com.br/pellentesque/volutpat/dui/maecenas.jsp,section,txt,33,2003-04-02 08:40:28
51,http://intel.com/augue/luctus/tincidunt/nulla.xml,h1,txt,33,2003-06-07 05:04:09
52,http://instagram.com/parturient/montes/nascetur/ridiculus/mus.html,section,csv,54,1973-06-16 10:39:37
53,http://usnews.com/phasellus.xml,a,pdf,41,1947-05-29 06:55:22
54,http://nsw.gov.au/sed/nisl/nunc.json,ul,xlsx,57,1976-11-02 16:45:42
55,http://cbslocal.com/felis.html,ul,xls,33,1978-05-13 06:09:54
56,https://msu.edu/purus/phasellus.json,h1,pdf,22,1958-10-21 12:30:26
57,https://github.io/sit.json,ul,csv,18,2021-03-12 21:52:07
58,https://vinaora.com/vehicula/consequat/morbi/a.aspx,ul,pdf,22,1972-11-07 15:14:22
59,http://fastcompany.com/platea/dictumst/etiam.js,div,csv,50,2016-03-11 16:03:59
60,http://1und1.de/sem/fusce/consequat/nulla/nisl/nunc.jpg,ol,xls,57,1981-10-18 01:23:49
61,https://yale.edu/odio/justo.xml,a,doc,24,1940-02-29 23:38:27
62,https://ebay.co.uk/sed/justo/pellentesque/viverra/pede/ac/diam.html,a,txt,38,1973-04-04 02:35:49
63,https://shutterfly.com/sed/augue.aspx,section,docx,40,1991-02-21 18:11:55
64,https://dell.com/magnis.xml,h1,xlsx,57,1959-01-18 20:05:53
65,https://zimbio.com/placerat/praesent/blandit/nam/nulla.jpg,li,doc,71,1949-04-12 19:06:16
66,http://reddit.com/proin/leo/odio/porttitor.aspx,main,xlsx,53,1963-09-09 02:12:39
67,http://slashdot.org/orci/luctus/et/ultrices/posuere/cubilia/curae.js,h3,html,51,1943-12-11 08:27:56
68,https://cisco.com/sapien/iaculis.jsp,p,html,72,2012-11-22 10:04:29
69,http://hostgator.com/nisi/volutpat/eleifend/donec/ut.js,ul,doc,55,1970-04-25 21:46:50
70,https://usa.gov/magnis/dis.json,ul,docx,54,2012-11-25 19:56:04
71,https://tinyurl.com/cubilia/curae/mauris/viverra.html,ol,docx,36,1945-05-30 19:55:54
72,http://ycombinator.com/gravida/sem.aspx,h2,docx,19,2010-05-05 10:16:23
73,http://bravesites.com/lorem/ipsum/dolor/sit.jpg,section,txt,67,1975-11-11 00:23:14
74,http://ustream.tv/mauris/morbi/non.html,h2,pdf,50,1961-07-19 17:17:11
75,https://msu.edu/accumsan.aspx,h3,csv,64,1997-01-26 10:13:51
76,http://msn.com/integer/ac/leo/pellentesque.jsp,div,csv,70,1984-05-14 00:22:50
77,http://quantcast.com/nunc/proin.json,h1,html,45,1962-12-12 17:47:14
78,https://sphinn.com/eget/tempus/vel.jsp,section,csv,14,1978-07-07 13:21:51
79,https://hc360.com/leo.jsp,img,csv,70,2018-01-12 01:18:31
80,http://smugmug.com/ac/enim/in/tempor.jsp,h2,txt,40,1977-07-07 12:57:04
81,https://nbcnews.com/natoque/penatibus.json,p,doc,71,2010-08-23 08:38:37
82,https://cloudflare.com/nibh/ligula/nec/sem/duis/aliquam.jsp,h2,html,10,2010-08-10 04:22:08
83,https://gizmodo.com/morbi/non/quam/nec.html,h3,pdf,70,1962-02-26 02:29:02
84,http://thetimes.co.uk/cubilia/curae/duis/faucibus/accumsan/odio.json,ol,csv,74,1966-10-17 11:00:32
85,http://linkedin.com/mi/in/porttitor/pede/justo/eu/massa.jpg,ol,pdf,15,2012-12-12 13:44:35
86,https://youku.com/lorem/vitae/mattis/nibh/ligula/nec.jpg,p,xlsx,66,1940-11-25 21:42:08
87,https://forbes.com/leo/odio.aspx,div,csv,29,2009-08-22 05:13:57
88,http://java.com/potenti/in/eleifend.jsp,ul,doc,35,1984-05-25 22:42:42
89,https://paypal.com/nulla/neque/libero.jsp,h2,xlsx,14,1985-08-23 00:59:55
90,http://ycombinator.com/dui/proin/leo/odio/porttitor/id/consequat.xml,h3,csv,21,1966-11-25 02:11:26
91,https://lulu.com/at.png,a,txt,51,1938-04-19 11:13:44
92,https://w3.org/varius/integer/ac/leo/pellentesque.aspx,a,docx,20,1999-01-19 16:01:20
93,https://trellian.com/nisl/aenean/lectus/pellentesque/eget/nunc.json,ol,pdf,34,1966-01-19 22:53:34
94,http://privacy.gov.au/nulla/neque/libero/convallis/eget/eleifend/luctus.xml,ul,xlsx,50,1978-05-29 19:54:06
95,https://xrea.com/vestibulum/vestibulum/ante/ipsum/primis.json,div,docx,39,1998-06-15 09:40:46
96,http://yahoo.co.jp/sollicitudin.xml,li,doc,12,2010-09-02 07:30:26
97,https://hugedomains.com/ligula.json,section,doc,44,2004-05-25 13:25:23
98,http://berkeley.edu/donec/pharetra.jsp,main,csv,37,1990-03-17 13:21:34
99,http://squidoo.com/cras.aspx,h2,docx,29,1964-09-13 19:09:19
100,https://cpanel.net/in/leo/maecenas/pulvinar/lobortis/est/phasellus.json,h2,pdf,15,2015-09-25 02:25:13
101,https://homestead.com/libero/ut/massa/volutpat.jpg,h3,xls,32,1953-04-27 23:08:19
102,https://cnet.com/maecenas/pulvinar/lobortis/est/phasellus.html,p,txt,74,1961-06-05 10:12:00
103,http://chron.com/volutpat/eleifend/donec/ut/dolor/morbi.png,li,xls,43,1944-05-30 17:04:46
104,https://salon.com/sapien/quis/libero/nullam/sit/amet.xml,p,pdf,55,1977-06-11 04:51:19
105,https://va.gov/nisl/nunc/nisl/duis.html,ol,xlsx,28,1936-07-29 20:15:27
106,https://ning.com/orci/eget/orci/vehicula/condimentum/curabitur.jpg,section,html,47,1975-02-21 15:45:00
107,https://bluehost.com/semper/porta/volutpat/quam/pede/lobortis.jpg,p,html,7,2001-01-21 16:25:12
108,https://un.org/augue/luctus/tincidunt/nulla.aspx,a,pdf,25,1999-08-04 15:31:28
109,http://drupal.org/commodo/placerat.aspx,p,html,36,1969-07-20 11:18:47
110,http://prlog.org/morbi/non/lectus/aliquam/sit.jpg,main,docx,19,1959-07-02 14:09:43
111,http://dedecms.com/curabitur.xml,section,doc,49,2010-06-04 20:52:59
112,https://ebay.co.uk/sagittis/sapien/cum/sociis/natoque/penatibus/et.js,li,csv,45,1950-10-20 17:42:46
113,https://newyorker.com/elit/ac/nulla/sed.js,h3,docx,71,1993-11-27 01:05:44
114,http://harvard.edu/parturient/montes/nascetur/ridiculus/mus/vivamus/vestibulum.json,li,docx,41,1937-04-30 09:11:22
115,https://issuu.com/facilisi.html,div,docx,72,1948-03-11 12:08:47
116,https://archive.org/pede/justo/lacinia/eget/tincidunt/eget/tempus.js,div,html,54,1938-12-10 14:42:18
117,https://ed.gov/sapien/in/sapien/iaculis/congue/vivamus.aspx,a,doc,72,2001-01-31 00:20:05
118,http://google.ru/condimentum/neque/sapien/placerat.html,li,pdf,43,1969-09-02 03:20:20
119,https://seattletimes.com/in/hac/habitasse/platea/dictumst/morbi/vestibulum.jsp,img,csv,36,1992-10-25 17:06:03
120,https://meetup.com/turpis/eget/elit/sodales/scelerisque/mauris.png,div,txt,66,1951-06-12 17:50:24
121,http://scientificamerican.com/arcu/adipiscing/molestie/hendrerit.png,li,xls,66,1995-02-16 05:43:24
122,https://amazon.co.uk/quam/pharetra/magna/ac/consequat/metus/sapien.jsp,section,xlsx,11,1951-11-25 02:48:09
123,http://feedburner.com/morbi/non.js,h3,doc,2,1939-07-04 08:41:09
124,http://dion.ne.jp/accumsan/odio/curabitur/convallis/duis.png,ul,csv,22,1955-10-10 13:53:00
125,https://nymag.com/hac.png,a,csv,8,2001-02-18 09:35:37
126,https://netlog.com/arcu.xml,h2,doc,9,1973-10-12 14:53:41
127,https://sakura.ne.jp/faucibus/accumsan/odio.jpg,img,pdf,29,2013-02-02 13:53:26
128,https://altervista.org/sit/amet/erat/nulla/tempus/vivamus.html,main,txt,25,1986-07-28 17:34:55
129,http://yale.edu/velit/eu/est/congue/elementum/in.xml,h3,pdf,27,1938-08-04 14:30:16
130,http://homestead.com/pretium.xml,ul,csv,62,1979-01-23 23:53:35
131,http://washington.edu/luctus/et.jpg,h3,html,10,1967-05-15 19:53:51
132,https://wisc.edu/cubilia/curae/mauris.js,h2,csv,69,2018-05-08 15:05:15
133,https://jiathis.com/vestibulum/ac.jsp,img,txt,37,1987-09-24 08:18:15
134,http://seesaa.net/ac/neque/duis.js,h1,html,72,1969-06-13 14:42:44
135,http://ft.com/sapien/urna.aspx,section,xls,11,1952-08-11 19:31:21
340,https://vinaora.com/lectus.js,li,docx,44,1945-09-24 10:48:28
136,http://1und1.de/aliquam/augue/quam.html,section,xls,66,1948-04-04 05:59:35
137,http://hostgator.com/odio.aspx,h1,csv,10,1949-07-31 15:26:04
138,http://dailymail.co.uk/erat/nulla/tempus.js,a,xlsx,74,2007-03-24 05:36:10
139,http://godaddy.com/ipsum/integer.jsp,main,xlsx,70,1993-11-30 08:45:09
140,http://abc.net.au/amet.js,section,html,9,2013-09-13 02:44:30
141,https://tripadvisor.com/id/massa/id/nisl/venenatis/lacinia/aenean.png,div,html,13,1950-12-07 01:46:41
142,http://cornell.edu/in/hac/habitasse/platea/dictumst/etiam/faucibus.js,li,html,26,2014-12-02 17:14:28
143,http://google.com.hk/amet/nunc/viverra/dapibus/nulla/suscipit.jsp,main,pdf,36,1952-07-19 10:47:10
144,http://economist.com/eu.json,ul,xlsx,75,1993-10-07 04:16:40
145,http://scientificamerican.com/magnis/dis/parturient/montes/nascetur.jpg,div,txt,45,1993-05-10 13:42:18
146,http://wp.com/turpis/donec/posuere.jpg,li,xlsx,17,2004-06-15 13:22:46
147,https://imgur.com/volutpat/eleifend/donec/ut.png,li,txt,11,1942-04-02 05:04:35
148,http://craigslist.org/semper.js,a,docx,3,1941-02-04 05:46:30
149,http://vistaprint.com/venenatis/turpis.png,li,doc,66,1951-11-16 09:51:11
150,https://amazon.co.jp/posuere/metus/vitae/ipsum/aliquam/non.jpg,div,docx,15,1938-06-01 00:45:11
151,https://bloglovin.com/quam/pede/lobortis/ligula.js,p,csv,15,1981-05-14 19:02:27
152,http://123-reg.co.uk/tellus/nulla/ut.js,ul,csv,41,1957-12-23 02:13:20
153,https://symantec.com/ipsum.xml,a,txt,75,2004-12-03 10:42:35
154,http://va.gov/nibh/in/quis/justo/maecenas/rhoncus/aliquam.jpg,h2,csv,4,1994-02-10 07:01:55
155,https://a8.net/risus/auctor/sed/tristique/in/tempus.html,h3,pdf,20,1990-08-12 07:01:18
156,https://qq.com/eget/nunc/donec/quis/orci/eget/orci.json,ul,doc,73,1986-03-17 15:15:25
157,https://hostgator.com/purus/phasellus.aspx,p,doc,58,2016-07-01 16:45:53
158,https://apache.org/libero.js,h1,xlsx,44,1978-08-28 16:13:44
159,https://google.co.jp/sagittis/nam/congue/risus/semper.json,h2,csv,14,1945-10-23 22:08:07
160,https://ox.ac.uk/vestibulum/ante/ipsum/primis.json,p,pdf,7,1962-03-08 21:39:03
161,https://un.org/duis/at/velit/eu/est.jsp,a,txt,35,1998-06-12 00:41:50
162,http://tuttocitta.it/metus/arcu/adipiscing/molestie/hendrerit/at.jpg,img,doc,10,2019-08-16 15:21:23
163,https://cdc.gov/erat/fermentum/justo/nec.jpg,main,html,1,1997-12-11 13:43:06
164,https://chicagotribune.com/mattis/pulvinar/nulla.aspx,h2,xls,39,1963-06-01 09:29:14
165,https://utexas.edu/eleifend/luctus.png,h1,xlsx,18,1993-04-27 15:44:52
166,http://yahoo.co.jp/nec/nisi/volutpat/eleifend.js,img,xls,38,1978-09-16 16:02:58
167,https://google.com.br/lectus/aliquam/sit/amet/diam.jpg,div,xlsx,69,2006-01-02 05:29:27
168,http://creativecommons.org/metus/sapien/ut/nunc.js,li,pdf,32,1963-01-06 06:38:22
169,http://youtube.com/tincidunt/ante/vel/ipsum.jpg,section,pdf,47,1939-07-03 21:47:40
170,https://icq.com/ligula/nec/sem/duis/aliquam/convallis/nunc.json,h1,html,7,1972-12-21 07:59:16
171,https://yolasite.com/semper/porta/volutpat/quam/pede.js,ol,xls,8,2001-09-05 17:55:58
172,https://mapy.cz/suspendisse/potenti/in/eleifend.aspx,a,pdf,28,1955-06-10 17:20:02
173,https://example.com/consectetuer/eget/rutrum/at/lorem/integer/tincidunt.json,a,pdf,64,1971-07-27 05:34:57
174,https://army.mil/in/consequat/ut/nulla/sed/accumsan.jpg,h3,xlsx,44,2018-08-09 16:19:23
175,https://trellian.com/leo/pellentesque.aspx,img,pdf,41,1945-07-24 15:33:45
176,https://umn.edu/mi.xml,div,html,15,1950-09-11 08:23:35
177,https://dedecms.com/nascetur/ridiculus/mus/vivamus/vestibulum.png,div,docx,72,1973-03-22 21:27:02
178,http://storify.com/ligula/nec/sem/duis/aliquam.json,div,xlsx,73,1978-04-17 15:22:26
179,http://tamu.edu/ullamcorper/purus.png,a,xlsx,49,1961-05-31 00:29:09
180,https://list-manage.com/vestibulum/proin/eu/mi/nulla.jpg,li,txt,41,1994-10-29 13:20:44
181,http://ted.com/quis/lectus/suspendisse/potenti.xml,li,doc,29,1971-04-23 09:26:09
182,http://ed.gov/in/eleifend/quam/a/odio.jsp,a,xls,49,1969-02-01 01:54:30
183,https://yelp.com/sapien.xml,h3,xlsx,9,2020-02-02 02:52:45
184,https://tmall.com/vitae/mattis/nibh/ligula/nec/sem.js,a,docx,5,1964-11-15 04:11:21
185,https://unblog.fr/pulvinar/sed/nisl.html,img,xls,52,1981-06-06 00:47:21
186,http://auda.org.au/sapien/arcu/sed.jpg,section,docx,46,2018-10-25 17:42:10
187,http://elpais.com/natoque/penatibus/et/magnis.html,a,txt,69,1956-05-26 14:04:00
188,http://blogger.com/justo/aliquam.png,ul,docx,51,1996-11-19 04:59:11
189,https://weibo.com/ipsum/primis.jsp,li,xlsx,72,1950-10-07 08:19:22
190,http://cloudflare.com/nisi.png,ul,pdf,53,1962-12-21 09:38:11
191,http://shop-pro.jp/primis/in/faucibus.js,ul,txt,32,2019-09-27 00:56:17
192,http://google.ca/consequat/morbi.json,h3,docx,17,2002-03-13 18:55:03
193,https://liveinternet.ru/amet/nulla/quisque/arcu/libero/rutrum.png,ul,pdf,43,1997-05-21 00:21:02
194,https://marriott.com/adipiscing/elit.png,ul,html,42,1989-05-29 19:56:49
195,http://weather.com/suspendisse/accumsan/tortor/quis.js,section,xlsx,19,1938-09-18 14:29:33
196,http://europa.eu/eget/congue/eget/semper/rutrum/nulla.html,section,txt,72,2007-12-31 11:51:13
197,https://themeforest.net/sed/lacus/morbi.js,section,html,5,1996-09-29 13:01:59
198,http://cam.ac.uk/volutpat/eleifend/donec/ut/dolor/morbi/vel.json,p,doc,11,1949-01-19 07:25:33
199,http://xrea.com/sit/amet/nunc/viverra/dapibus/nulla/suscipit.json,section,pdf,60,1972-04-12 20:45:53
200,https://fema.gov/consequat/ut/nulla/sed/accumsan.png,section,csv,38,1945-06-06 09:55:28
201,http://tuttocitta.it/sem/mauris/laoreet/ut.png,ol,csv,52,1950-07-01 10:48:55
202,https://craigslist.org/at.json,h2,csv,75,1971-10-03 06:01:49
203,https://nsw.gov.au/nunc.json,main,xlsx,38,1979-04-07 12:54:37
204,https://webeden.co.uk/risus/dapibus/augue/vel.aspx,li,doc,54,1989-08-17 03:37:54
205,https://ebay.com/cursus/urna/ut.jsp,h1,csv,40,1972-08-16 17:56:43
206,https://aol.com/enim/sit.xml,li,csv,13,1936-08-15 00:49:31
207,http://wsj.com/condimentum/id/luctus/nec.json,ul,doc,41,1975-11-12 01:36:30
208,http://surveymonkey.com/ac/enim/in/tempor/turpis/nec/euismod.png,p,docx,41,1939-09-22 00:31:08
209,https://webeden.co.uk/risus.jsp,h3,pdf,8,2010-05-13 00:26:17
210,https://photobucket.com/eleifend/donec/ut/dolor/morbi.html,h3,csv,50,1943-07-01 15:49:14
211,http://youtube.com/porta/volutpat/erat/quisque/erat/eros.html,h2,docx,9,1952-04-13 22:08:07
212,http://wisc.edu/libero/quis/orci/nullam/molestie.aspx,ol,doc,38,1973-05-20 05:05:29
213,https://stanford.edu/mauris/non/ligula/pellentesque.aspx,li,doc,28,1990-05-01 23:02:32
214,https://moonfruit.com/tortor.jsp,ol,xls,3,1968-10-15 20:34:58
215,http://eepurl.com/faucibus/cursus/urna/ut.png,img,doc,3,2016-05-10 02:44:30
216,http://eepurl.com/dui/nec/nisi/volutpat/eleifend.json,ul,csv,52,1995-12-23 23:46:32
217,http://timesonline.co.uk/quis/turpis/sed/ante/vivamus/tortor.js,h1,doc,51,2001-10-25 22:06:37
218,https://jiathis.com/proin/interdum/mauris/non/ligula/pellentesque.js,p,html,52,1941-07-04 14:39:55
219,https://scientificamerican.com/nibh/in/lectus/pellentesque/at/nulla.js,img,xlsx,36,2012-11-19 11:57:49
220,http://ehow.com/egestas/metus/aenean.json,main,csv,53,1937-10-14 18:56:52
221,http://gmpg.org/aliquet/maecenas/leo.js,ul,csv,26,1943-07-18 10:06:09
222,http://1und1.de/id/sapien/in/sapien/iaculis.xml,h1,txt,71,1995-06-05 22:11:30
223,http://theguardian.com/duis/consequat.js,h2,txt,24,2010-06-01 07:30:26
224,https://cornell.edu/massa.json,p,xlsx,58,1943-10-14 00:53:35
225,https://harvard.edu/vestibulum/rutrum/rutrum/neque/aenean/auctor.html,h2,xlsx,41,1970-04-02 18:12:12
226,https://sina.com.cn/sed/nisl/nunc/rhoncus/dui/vel/sem.jpg,h2,csv,14,1976-07-03 09:26:47
227,https://behance.net/consequat/in/consequat/ut/nulla/sed/accumsan.json,h2,txt,4,1941-08-13 10:31:46
228,https://rakuten.co.jp/libero/rutrum.js,section,docx,56,2006-08-06 07:28:52
229,http://hc360.com/consectetuer/adipiscing/elit/proin/risus.xml,a,docx,19,1960-08-25 15:38:17
230,http://dailymotion.com/maecenas/rhoncus/aliquam/lacus/morbi/quis.jpg,main,xls,34,1977-05-14 21:02:38
231,http://slate.com/tincidunt/in/leo/maecenas/pulvinar/lobortis/est.aspx,h2,xlsx,28,2013-11-18 00:38:57
232,http://guardian.co.uk/in/lectus/pellentesque/at/nulla/suspendisse/potenti.js,section,pdf,37,1960-12-16 03:41:51
233,http://fc2.com/ornare/imperdiet/sapien.jsp,div,csv,74,1957-06-27 10:40:32
234,https://army.mil/in/est/risus/auctor/sed.jsp,section,doc,48,1980-04-02 09:43:21
235,https://weebly.com/amet/consectetuer/adipiscing/elit/proin/interdum.aspx,img,html,30,1979-10-28 20:31:33
236,https://bloglovin.com/ut/suscipit/a.jsp,p,txt,37,1979-04-03 17:15:54
237,http://odnoklassniki.ru/mauris/laoreet/ut/rhoncus/aliquet/pulvinar/sed.png,ul,html,45,1967-03-22 09:04:20
238,https://un.org/consequat/metus/sapien/ut/nunc.js,div,xlsx,8,2013-08-01 12:52:40
239,https://yandex.ru/in/porttitor/pede/justo/eu/massa.js,div,xls,48,2021-03-19 08:34:48
240,http://foxnews.com/posuere.html,div,txt,42,1939-07-16 21:41:29
241,https://wp.com/luctus/cum/sociis/natoque.js,h1,csv,67,1961-01-13 02:15:27
242,http://prweb.com/primis/in/faucibus.jpg,ol,doc,52,1995-04-27 12:12:59
243,http://wikia.com/justo/lacinia/eget/tincidunt/eget/tempus.jpg,img,xls,70,2015-08-25 23:35:33
244,http://geocities.com/ridiculus/mus/etiam/vel/augue.png,section,docx,67,1991-10-20 09:14:37
245,http://joomla.org/felis/ut/at/dolor/quis/odio.jpg,h1,doc,23,2010-05-10 21:22:59
246,http://wikia.com/faucibus/orci/luctus/et.jsp,img,pdf,69,2021-11-03 11:52:36
247,http://google.es/maecenas/tristique/est/et.js,li,html,71,1984-07-26 14:27:02
248,http://google.pl/tortor/duis/mattis/egestas/metus.xml,a,pdf,4,1958-02-04 18:58:44
249,http://google.com/integer/a.xml,h1,csv,35,1989-04-25 12:54:40
250,http://over-blog.com/a/ipsum/integer/a/nibh.png,section,xls,45,1956-07-18 07:02:49
251,http://wikimedia.org/at/velit/vivamus.html,li,pdf,1,1955-11-28 19:56:00
252,https://timesonline.co.uk/pede/ac/diam/cras.jsp,p,doc,16,1983-02-01 09:45:53
253,https://liveinternet.ru/quis/orci/eget/orci/vehicula/condimentum.js,ol,docx,59,2009-01-21 04:58:02
254,https://yahoo.com/scelerisque/mauris/sit/amet/eros.aspx,ol,doc,5,1950-03-24 00:20:13
255,https://wikia.com/tellus/nisi.jsp,section,txt,53,1964-08-20 12:05:03
256,https://senate.gov/volutpat/erat/quisque/erat/eros.aspx,main,doc,27,1944-08-29 12:07:56
257,https://shinystat.com/condimentum/neque/sapien/placerat.aspx,p,txt,2,2004-09-09 10:12:33
258,https://cyberchimps.com/pede.jsp,ul,html,38,1980-06-28 20:03:11
259,https://reddit.com/eu/magna/vulputate/luctus/cum/sociis/natoque.html,ol,docx,60,1964-10-07 14:03:47
260,http://hibu.com/quis.jpg,section,html,68,1993-08-14 19:26:29
261,https://lycos.com/pulvinar/sed/nisl/nunc.js,div,csv,10,1996-07-12 04:25:27
262,https://webmd.com/tortor/sollicitudin/mi/sit/amet/lobortis/sapien.jpg,main,csv,38,2011-09-19 15:59:58
263,http://dropbox.com/vestibulum/ante/ipsum/primis/in.jsp,p,xlsx,28,1960-04-24 04:40:41
264,https://dropbox.com/primis/in/faucibus/orci/luctus/et.js,li,txt,47,1946-06-23 00:38:04
265,https://zimbio.com/id/justo/sit/amet/sapien/dignissim/vestibulum.png,div,txt,11,1984-01-21 23:11:19
266,http://independent.co.uk/ut/suscipit.js,a,docx,36,1981-03-22 01:59:34
267,https://apache.org/lectus.jsp,p,html,41,1963-04-24 12:56:39
268,http://reddit.com/non/velit.js,h2,pdf,64,1959-02-20 12:21:21
269,http://slate.com/lorem/ipsum/dolor/sit/amet/consectetuer/adipiscing.js,p,txt,12,1938-04-27 00:58:12
270,https://cyberchimps.com/lectus/in/est/risus.aspx,a,xls,13,1955-01-10 21:58:04
271,https://last.fm/ac/consequat.xml,section,xlsx,5,1993-05-15 05:04:04
272,http://de.vu/lorem/quisque/ut/erat/curabitur/gravida.png,h1,csv,13,1988-11-05 21:43:08
273,https://google.ca/ante/ipsum/primis/in.aspx,h1,pdf,24,1969-09-15 10:49:07
274,https://cafepress.com/maecenas/tincidunt.js,section,docx,48,1995-05-13 10:33:14
275,http://over-blog.com/amet/erat/nulla/tempus/vivamus.html,div,xlsx,61,1957-08-06 22:08:11
276,http://nba.com/ac/neque/duis/bibendum.aspx,main,xlsx,18,1958-11-07 23:07:07
277,https://thetimes.co.uk/mauris/morbi/non/lectus/aliquam/sit.jpg,h2,txt,1,1943-06-20 07:57:21
278,http://wikipedia.org/nullam.jpg,img,pdf,2,2017-01-29 00:21:42
279,https://wikia.com/morbi/vestibulum/velit.xml,li,xls,67,1969-08-24 08:51:24
280,https://people.com.cn/pede/justo/lacinia.xml,main,xls,25,2012-12-03 22:35:48
281,http://soup.io/donec.js,h3,pdf,20,2013-11-22 08:34:40
282,http://so-net.ne.jp/aliquam/non/mauris/morbi/non/lectus.js,img,txt,40,1971-03-26 13:37:27
283,https://altervista.org/orci/pede/venenatis/non/sodales/sed.png,ul,html,28,2015-09-26 18:51:36
284,https://wiley.com/in.json,ol,doc,32,1974-11-05 16:02:54
285,https://yelp.com/at/nibh/in/hac/habitasse.jpg,main,docx,7,2005-07-12 00:35:26
286,http://mit.edu/montes/nascetur/ridiculus/mus/etiam/vel.jpg,p,txt,24,1983-11-24 17:41:45
287,http://cnbc.com/nisi.jsp,ul,html,15,1950-09-23 02:23:11
288,https://digg.com/ipsum/aliquam/non.js,div,xlsx,60,2020-02-10 12:15:31
289,http://samsung.com/in/consequat.xml,li,csv,16,1949-03-14 18:00:44
290,http://google.nl/dictumst.aspx,h2,doc,17,2004-07-05 13:30:05
291,https://bloglovin.com/in.js,ul,html,2,1977-07-12 13:03:38
292,https://noaa.gov/metus/vitae/ipsum/aliquam.js,section,docx,13,1984-06-27 11:18:56
293,http://google.com.hk/turpis/a/pede/posuere/nonummy/integer.png,ol,csv,70,1949-02-12 02:56:29
294,http://walmart.com/maecenas/rhoncus.jpg,ul,xls,67,2017-10-01 14:38:35
295,http://virginia.edu/lobortis/convallis.jsp,section,docx,2,1941-08-23 07:05:53
296,http://lulu.com/fusce/congue/diam/id.html,h3,html,12,1936-01-23 12:30:13
297,http://jugem.jp/eget/elit/sodales/scelerisque/mauris.html,section,xls,1,1973-04-10 16:08:28
298,http://uiuc.edu/luctus/tincidunt/nulla/mollis/molestie.jpg,h1,html,6,1946-01-05 09:32:01
299,https://toplist.cz/ipsum/primis/in/faucibus/orci.xml,section,docx,30,2008-04-05 20:03:14
300,http://wsj.com/dui/nec.html,ol,csv,8,1989-03-20 21:23:44
301,https://opensource.org/integer/ac/leo/pellentesque/ultrices.xml,ul,xls,58,1955-07-27 05:04:56
302,http://hhs.gov/sit.html,p,txt,5,1972-12-31 04:53:12
303,http://devhub.com/vestibulum/rutrum.png,a,doc,15,1966-08-01 10:21:46
304,http://lycos.com/quam/sapien/varius/ut/blandit/non/interdum.jpg,ul,docx,44,1941-10-06 06:47:07
305,http://cornell.edu/fusce/congue/diam/id/ornare/imperdiet.jpg,ul,csv,31,1949-09-24 00:20:02
306,http://drupal.org/quam/pede/lobortis/ligula/sit/amet.aspx,main,doc,50,1951-12-06 17:33:50
307,http://reuters.com/platea/dictumst/aliquam.aspx,h1,txt,6,1983-02-11 00:51:54
308,https://homestead.com/in/purus/eu/magna/vulputate/luctus.jsp,main,xlsx,69,1953-10-27 00:45:07
309,http://myspace.com/ut/dolor.html,ol,html,33,1962-01-14 01:39:49
310,http://ucoz.ru/pellentesque.html,img,pdf,65,1943-02-28 11:38:42
311,https://unc.edu/in/faucibus/orci/luctus/et/ultrices/posuere.js,div,csv,41,1963-11-29 03:16:56
312,https://cbslocal.com/vestibulum.js,ul,txt,16,1993-10-24 03:08:33
313,http://oakley.com/ullamcorper/augue/a/suscipit/nulla.xml,ol,docx,73,1993-09-07 02:00:17
314,http://cbslocal.com/fusce.jpg,main,pdf,56,1936-06-05 07:14:12
315,http://nationalgeographic.com/commodo/placerat/praesent/blandit.jpg,h2,txt,10,2013-12-26 17:15:58
316,http://homestead.com/purus/eu/magna/vulputate/luctus/cum.js,div,html,21,2019-05-08 13:45:59
317,http://shutterfly.com/ut/dolor/morbi/vel/lectus.jpg,div,html,38,2013-12-04 01:04:41
318,http://icio.us/vestibulum/velit.jpg,main,pdf,53,1952-01-07 02:58:56
319,http://gravatar.com/ligula.png,h3,xlsx,8,1978-01-19 12:46:46
320,http://pinterest.com/sit/amet/eleifend/pede/libero.html,li,docx,71,1968-12-09 17:50:50
321,https://phpbb.com/curae.json,h2,pdf,70,2003-05-07 02:11:41
322,https://squarespace.com/in.jpg,p,pdf,16,1956-05-10 05:00:48
323,http://sun.com/mauris/enim/leo/rhoncus/sed/vestibulum/sit.json,ul,doc,72,1990-11-25 03:06:33
324,http://shop-pro.jp/magnis/dis/parturient/montes/nascetur.jpg,h2,txt,17,1940-10-02 04:04:29
325,http://amazonaws.com/elementum/ligula.png,div,csv,41,1952-10-15 19:52:07
326,http://fc2.com/at/ipsum.jpg,h3,docx,63,1970-04-14 10:58:24
327,https://elpais.com/lorem/ipsum/dolor/sit/amet.jpg,h2,txt,33,2004-06-26 08:21:55
328,https://de.vu/sed/tincidunt/eu/felis/fusce/posuere/felis.aspx,h2,doc,70,1979-06-30 00:13:01
329,https://jalbum.net/in.jsp,a,csv,3,1990-06-01 20:49:46
330,https://discuz.net/lobortis/sapien/sapien/non.js,p,doc,26,1936-06-30 06:07:44
331,http://dropbox.com/erat/vestibulum.jsp,li,csv,18,1952-07-28 10:23:43
332,http://theguardian.com/pede.jpg,li,docx,73,1977-07-29 01:53:06
333,http://nih.gov/curabitur/gravida/nisi/at/nibh.jpg,h2,doc,25,2012-05-28 07:25:51
334,https://github.io/aliquam/lacus.xml,ol,pdf,68,1939-05-16 17:39:35
335,https://example.com/quam.json,ol,pdf,6,1938-12-31 03:09:45
336,https://ca.gov/eu/interdum/eu/tincidunt/in.png,ul,doc,60,2012-11-27 18:09:28
337,http://storify.com/ligula/pellentesque/ultrices/phasellus.png,div,docx,20,1960-04-22 22:03:51
338,http://toplist.cz/accumsan/tellus.xml,h2,pdf,9,1964-03-04 13:52:32
339,http://ifeng.com/vestibulum/proin/eu/mi/nulla/ac.jsp,p,docx,15,1986-03-31 11:41:36
341,https://unicef.org/lorem/id/ligula/suspendisse/ornare/consequat.json,h3,docx,26,1999-10-08 20:59:57
342,https://uiuc.edu/aenean/sit/amet.aspx,img,csv,54,1941-10-25 12:40:44
343,http://symantec.com/libero/nam/dui/proin/leo.jpg,ul,txt,43,2018-10-17 20:18:24
344,http://gnu.org/sem.aspx,a,txt,59,1984-07-01 08:29:32
345,https://toplist.cz/dui/nec/nisi/volutpat.aspx,img,pdf,28,1996-11-11 00:33:55
346,http://yelp.com/orci.json,a,docx,74,1978-06-06 15:46:37
347,https://odnoklassniki.ru/sit/amet/consectetuer.jsp,p,doc,44,2018-05-09 12:59:55
348,http://weather.com/mauris/morbi.png,p,xlsx,68,1971-04-13 13:33:33
349,https://163.com/platea/dictumst/maecenas/ut.xml,main,html,52,1962-03-14 00:44:14
350,https://github.com/at.jsp,a,csv,53,1969-06-28 14:28:31
351,https://aol.com/nulla/facilisi/cras/non/velit.html,p,docx,15,1936-03-07 06:32:22
352,http://biglobe.ne.jp/ut/odio/cras/mi/pede/malesuada.jpg,div,pdf,34,1978-06-29 16:36:57
353,https://redcross.org/scelerisque/mauris/sit/amet/eros.js,section,xls,59,1944-03-26 11:40:43
354,http://networkadvertising.org/hac/habitasse/platea/dictumst/maecenas.jpg,p,txt,30,1960-04-09 03:49:44
355,https://theguardian.com/imperdiet/et/commodo/vulputate/justo/in.js,main,xls,51,1978-05-09 21:13:05
356,https://fotki.com/nunc/purus.html,a,txt,22,2019-04-19 01:00:03
357,https://github.io/lectus/in/est/risus/auctor/sed.jsp,h2,xls,67,1998-02-05 13:17:51
358,https://cnbc.com/euismod.xml,ol,txt,38,1987-11-17 10:46:43
359,https://wikispaces.com/metus/vitae/ipsum/aliquam/non/mauris.json,ol,xlsx,41,2010-10-11 22:36:38
360,https://ameblo.jp/sapien/a/libero/nam.js,ol,csv,14,2020-07-20 20:03:55
361,https://economist.com/vestibulum/ante/ipsum/primis/in.png,div,xls,25,1947-07-16 12:11:18
362,https://mac.com/ipsum/ac/tellus.xml,p,pdf,32,2015-01-05 07:19:17
363,http://imgur.com/lacus/morbi/quis/tortor/id/nulla/ultrices.aspx,h2,pdf,50,1941-11-08 00:56:13
364,http://example.com/suspendisse/potenti.jsp,img,xlsx,53,2007-09-19 00:18:35
365,http://scientificamerican.com/suspendisse/accumsan/tortor/quis/turpis/sed/ante.html,main,docx,37,1945-12-27 15:07:28
366,https://acquirethisname.com/sapien/cursus/vestibulum/proin/eu/mi/nulla.png,div,txt,31,2001-09-28 17:00:30
367,http://msn.com/ut/erat/id/mauris/vulputate/elementum/nullam.js,div,csv,42,1936-02-16 08:29:29
368,http://boston.com/morbi/ut/odio/cras.png,img,html,7,2013-10-01 01:56:12
369,https://meetup.com/posuere/cubilia/curae/nulla/dapibus/dolor/vel.jsp,div,xlsx,55,1992-01-17 21:51:03
370,http://nature.com/quis/tortor/id/nulla/ultrices/aliquet.html,p,pdf,52,1982-05-23 04:11:13
371,http://narod.ru/massa/quis/augue/luctus/tincidunt.jsp,h1,pdf,35,1953-06-04 16:53:10
372,http://4shared.com/etiam/faucibus/cursus/urna/ut.png,section,xlsx,29,1939-07-26 06:25:54
373,https://psu.edu/lectus/suspendisse/potenti/in/eleifend.aspx,p,xlsx,57,1974-09-08 06:20:23
374,http://microsoft.com/sit/amet/consectetuer.jsp,h2,csv,70,1962-06-03 11:39:02
375,http://comsenz.com/ultrices.aspx,a,docx,25,1953-09-19 04:08:32
376,http://bloglines.com/nam/ultrices/libero/non/mattis/pulvinar.js,h1,pdf,55,1967-04-08 17:14:34
377,http://1688.com/ac/neque/duis/bibendum/morbi.jsp,ol,pdf,37,1977-07-14 11:59:10
378,http://toplist.cz/id/justo/sit/amet.jsp,img,doc,50,1950-12-28 21:20:17
379,https://histats.com/neque/duis/bibendum/morbi/non.json,h1,docx,50,1995-11-07 19:15:14
380,http://booking.com/congue/risus.aspx,ul,xlsx,39,2017-09-19 12:36:56
381,https://angelfire.com/vestibulum/sed/magna.png,li,doc,47,2002-05-08 15:42:52
382,https://vinaora.com/augue/aliquam/erat/volutpat.js,ol,xlsx,74,2006-03-09 09:39:34
383,https://example.com/sed.aspx,ol,docx,48,1956-09-25 10:33:23
384,http://over-blog.com/mi.aspx,li,csv,35,1988-01-02 15:09:14
385,http://cnbc.com/dui/vel/nisl/duis/ac/nibh/fusce.xml,h3,txt,36,1959-07-24 04:04:58
386,https://blogger.com/id/lobortis/convallis/tortor/risus/dapibus.json,p,html,72,1976-11-26 13:34:31
387,https://dailymotion.com/sed/accumsan/felis/ut/at/dolor/quis.jsp,ul,doc,1,1957-01-14 02:02:35
388,https://amazonaws.com/eget/nunc/donec/quis/orci.aspx,ol,doc,67,1961-03-16 20:49:26
389,https://furl.net/aliquam.json,h3,xlsx,29,2000-04-12 09:58:08
390,https://networksolutions.com/fusce/lacus/purus.html,p,pdf,69,1938-11-27 15:22:07
391,https://umn.edu/enim/sit/amet.xml,a,txt,71,2008-07-11 19:07:16
392,http://bravesites.com/tincidunt/eget/tempus.aspx,img,xlsx,57,1999-06-19 04:23:32
393,http://desdev.cn/ac/neque/duis/bibendum/morbi/non.jpg,a,doc,45,1961-01-07 15:04:04
394,http://ebay.com/ac/consequat/metus/sapien/ut.jsp,h2,pdf,38,2006-07-20 08:15:08
395,http://networkadvertising.org/nulla/ac/enim/in.jsp,h3,doc,69,1992-09-21 23:40:56
396,https://baidu.com/dolor/morbi.html,a,html,8,1955-07-02 00:29:22
397,https://reference.com/mauris/enim.jsp,h3,html,45,2012-01-21 16:50:37
398,http://miitbeian.gov.cn/dolor/morbi/vel/lectus/in/quam/fringilla.xml,p,pdf,51,1993-07-03 08:07:48
399,https://wikimedia.org/sed/tristique/in.js,img,pdf,6,1998-03-04 17:03:50
400,http://nature.com/dolor/vel/est/donec/odio/justo.aspx,h2,xlsx,11,1943-03-21 12:33:14
401,http://upenn.edu/habitasse/platea/dictumst/maecenas/ut.png,img,docx,31,1984-04-13 11:54:03
402,http://ustream.tv/vestibulum/sagittis/sapien/cum/sociis.png,h1,docx,75,1939-07-26 13:39:27
403,https://princeton.edu/cras/non/velit/nec/nisi/vulputate/nonummy.png,ol,xls,70,1985-05-05 19:29:28
404,http://github.com/convallis/eget/eleifend/luctus.xml,h2,xls,23,2004-12-25 13:16:45
405,https://dagondesign.com/pretium.jsp,li,doc,10,2005-07-30 17:54:15
406,http://irs.gov/aliquet.aspx,div,doc,39,1936-06-07 01:10:33
407,https://printfriendly.com/iaculis/congue/vivamus/metus/arcu.aspx,p,pdf,64,1940-07-03 19:19:25
408,http://imdb.com/justo/pellentesque/viverra.json,section,csv,21,2003-06-21 02:41:46
409,http://cbslocal.com/dui/nec/nisi/volutpat/eleifend/donec/ut.js,h2,pdf,39,2005-09-06 21:22:03
410,https://boston.com/volutpat/erat/quisque/erat/eros/viverra.html,section,xlsx,67,1938-07-26 20:46:47
411,http://toplist.cz/at.aspx,ul,doc,72,1993-10-07 14:46:41
412,https://statcounter.com/sed/vestibulum/sit/amet/cursus/id.jpg,section,html,49,1939-03-16 23:10:56
413,http://newyorker.com/eu/pede.jpg,img,html,29,1983-05-31 20:33:15
414,https://ucoz.ru/rutrum/ac.js,h2,doc,64,1936-03-01 01:17:34
415,https://ning.com/nulla/nunc/purus/phasellus/in/felis.html,h2,xls,11,1938-03-18 20:00:14
416,http://aol.com/sit/amet/eros/suspendisse.aspx,div,html,16,1992-09-04 10:06:28
417,https://miibeian.gov.cn/vestibulum/sed/magna/at/nunc.aspx,img,doc,74,2000-02-04 23:01:38
418,http://mit.edu/nunc/purus/phasellus/in/felis.aspx,a,xlsx,21,1984-08-17 15:55:24
419,http://artisteer.com/quam/fringilla/rhoncus/mauris/enim/leo.jpg,div,pdf,25,2020-07-31 13:56:37
420,https://goo.gl/adipiscing/lorem/vitae/mattis/nibh/ligula.json,h2,html,1,2001-02-10 13:40:03
421,http://123-reg.co.uk/libero.xml,h1,html,41,1970-08-12 11:15:37
422,http://vk.com/fermentum/justo.html,h2,pdf,2,1982-04-14 02:03:37
423,http://wired.com/habitasse/platea/dictumst/morbi.js,li,doc,17,1985-05-02 04:33:35
424,http://google.ru/proin/risus/praesent.jsp,img,xlsx,66,1944-08-20 21:24:46
425,https://example.com/eros/elementum/pellentesque/quisque/porta/volutpat/erat.png,h2,xlsx,39,1954-03-20 15:41:08
426,http://simplemachines.org/quam.png,h2,xls,30,1959-10-22 01:44:37
427,http://tuttocitta.it/justo.json,h1,doc,3,2012-09-19 18:06:41
428,https://mozilla.org/sit/amet/sapien/dignissim.png,li,doc,55,1977-12-26 13:03:31
429,https://sphinn.com/commodo/vulputate/justo/in.xml,img,xlsx,27,2006-06-26 11:51:29
430,https://ovh.net/vestibulum/sagittis/sapien/cum.aspx,p,docx,25,1940-04-28 08:55:32
431,http://networksolutions.com/orci.json,ul,xls,62,2000-05-16 15:15:31
432,http://jalbum.net/vestibulum/quam.js,li,csv,18,1940-06-22 21:44:41
433,http://feedburner.com/nonummy/maecenas/tincidunt/lacus/at/velit.jsp,ul,pdf,9,1954-01-02 09:32:04
434,http://hostgator.com/porttitor/pede/justo/eu/massa/donec.json,h2,xls,25,1968-05-10 02:14:38
435,http://nyu.edu/et/tempus/semper/est.json,a,docx,21,1979-06-05 20:46:39
436,http://spiegel.de/platea/dictumst/etiam/faucibus/cursus/urna.js,h3,csv,5,1955-05-19 07:27:41
437,https://msu.edu/nulla/pede/ullamcorper/augue/a/suscipit/nulla.jsp,h2,xlsx,49,1946-12-19 19:35:07
438,https://ihg.com/lorem/ipsum/dolor/sit.jpg,h3,doc,66,1959-12-27 06:45:01
439,http://google.co.jp/urna/pretium/nisl/ut/volutpat/sapien/arcu.js,a,csv,36,2021-03-05 07:53:56
440,http://hatena.ne.jp/orci/vehicula/condimentum/curabitur/in/libero.png,p,xls,47,1938-02-13 11:50:04
441,http://google.com.br/amet/lobortis/sapien/sapien/non.png,main,csv,37,2010-10-11 15:25:50
442,https://canalblog.com/orci/nullam/molestie/nibh/in/lectus.aspx,img,docx,48,1955-09-21 20:24:23
443,http://canalblog.com/fermentum/justo/nec/condimentum/neque/sapien/placerat.html,div,xls,51,1999-09-16 05:35:41
444,https://cargocollective.com/luctus/et.json,h3,xlsx,30,1967-11-14 06:52:12
445,https://trellian.com/a/suscipit/nulla/elit/ac/nulla/sed.html,h3,xls,46,1952-05-29 03:37:48
446,https://theatlantic.com/nam/ultrices/libero/non/mattis.html,li,txt,14,1947-05-02 19:53:54
447,http://princeton.edu/ultrices/posuere/cubilia.jsp,div,txt,36,2016-10-18 00:42:00
448,http://twitter.com/in/lectus/pellentesque/at/nulla/suspendisse/potenti.aspx,main,html,60,1968-02-11 03:05:16
449,http://slideshare.net/erat/nulla.json,ul,html,28,1952-08-29 10:39:33
450,https://nhs.uk/erat/eros/viverra/eget/congue/eget.jsp,h1,html,61,1967-04-06 09:27:40
451,https://archive.org/volutpat/convallis.jsp,p,docx,37,1997-08-21 02:46:44
452,https://cmu.edu/in/ante.jpg,img,csv,61,1996-06-21 14:29:00
453,https://census.gov/tincidunt/nulla/mollis/molestie/lorem/quisque/ut.jsp,p,csv,14,1966-04-23 19:40:08
454,https://patch.com/eget/vulputate/ut/ultrices/vel/augue/vestibulum.jpg,h3,csv,19,1971-11-30 03:24:15
455,http://twitpic.com/vivamus/metus/arcu/adipiscing/molestie/hendrerit.png,ol,doc,52,1975-03-10 04:49:23
456,http://ovh.net/tortor/quis/turpis/sed/ante/vivamus.png,p,xlsx,43,1968-04-29 01:59:50
457,https://msn.com/platea/dictumst/maecenas/ut/massa/quis.aspx,section,xls,43,1986-12-07 21:37:28
458,https://jimdo.com/suspendisse/ornare/consequat/lectus/in.jsp,h3,html,42,1995-02-27 12:47:58
459,http://utexas.edu/sollicitudin/vitae/consectetuer/eget.jpg,p,doc,65,2011-07-08 06:07:56
460,http://shinystat.com/diam/erat/fermentum/justo/nec.html,main,txt,40,1993-11-06 17:32:06
461,https://parallels.com/metus/arcu.jsp,main,csv,21,1949-03-22 00:30:35
462,http://nsw.gov.au/dapibus/duis/at/velit/eu/est/congue.js,li,doc,49,1994-11-22 11:43:50
463,http://exblog.jp/justo.aspx,li,pdf,32,1990-07-28 06:12:32
464,https://japanpost.jp/pulvinar/lobortis/est/phasellus/sit.jsp,h1,xls,9,1967-10-24 15:48:08
465,https://plala.or.jp/et/ultrices/posuere/cubilia/curae/donec/pharetra.png,ol,doc,27,1998-01-17 07:15:03
466,http://diigo.com/adipiscing/lorem/vitae/mattis.js,h2,docx,44,1955-05-09 21:54:41
467,http://last.fm/mattis.json,section,csv,8,1991-12-13 04:04:27
468,https://godaddy.com/libero/nam/dui/proin/leo.png,main,html,75,1941-04-19 05:15:59
469,https://indiatimes.com/consequat/morbi/a.xml,img,xlsx,64,2021-11-04 14:39:40
470,https://histats.com/cras/mi/pede/malesuada/in/imperdiet.aspx,main,pdf,74,2005-03-14 02:23:08
471,https://tamu.edu/erat/tortor/sollicitudin/mi/sit/amet.jpg,ol,txt,18,2010-12-15 21:58:37
472,http://imgur.com/luctus/ultricies/eu.json,img,docx,74,2007-10-20 05:35:22
473,http://gnu.org/in/leo/maecenas/pulvinar/lobortis/est/phasellus.xml,div,pdf,2,2002-05-08 00:49:44
474,https://bloomberg.com/faucibus/accumsan.html,ul,xlsx,63,1940-08-12 20:03:59
475,https://blog.com/tellus.html,main,xlsx,40,1958-02-23 03:57:10
476,http://homestead.com/in/faucibus/orci/luctus/et.aspx,a,html,37,1947-10-22 12:26:54
477,https://cdc.gov/sociis/natoque/penatibus.aspx,h3,doc,49,1980-09-21 19:39:38
478,http://biblegateway.com/duis/consequat/dui/nec.jsp,main,csv,70,1976-08-24 16:39:08
479,http://storify.com/proin/leo/odio/porttitor/id/consequat/in.js,section,doc,46,1976-07-09 06:06:45
480,http://bbc.co.uk/ut/erat/curabitur/gravida/nisi.json,h3,doc,17,1959-06-09 18:10:35
481,http://sina.com.cn/pretium/iaculis/diam/erat/fermentum/justo.xml,section,csv,41,1974-07-16 13:23:31
482,https://sfgate.com/eu/est/congue/elementum.jsp,a,xlsx,61,1939-01-31 11:25:55
483,http://mozilla.org/sagittis/dui/vel/nisl/duis/ac.html,img,docx,41,2018-11-23 00:51:03
484,https://howstuffworks.com/risus/praesent.aspx,section,csv,6,1958-01-23 16:13:46
485,https://ft.com/vestibulum.jsp,ul,html,6,1998-06-04 03:32:58
486,http://patch.com/curabitur/gravida/nisi.aspx,ul,doc,13,1980-08-29 06:08:17
487,http://webnode.com/sapien/non/mi.js,li,pdf,74,2005-05-26 17:42:33
488,http://epa.gov/dolor.js,li,pdf,46,2006-08-24 05:09:57
489,http://wix.com/sit/amet.png,h2,pdf,45,2014-09-11 23:50:09
490,http://example.com/morbi/quis.png,ul,txt,38,2011-08-06 20:13:47
491,http://gizmodo.com/ac.aspx,p,xls,21,2001-07-26 16:53:46
492,http://shinystat.com/malesuada/in/imperdiet.js,ol,xls,73,1936-09-18 12:20:57
493,https://weibo.com/non/mattis/pulvinar/nulla.json,ol,html,32,1988-03-19 22:55:56
494,https://upenn.edu/bibendum/morbi/non/quam/nec/dui/luctus.aspx,h3,docx,42,2017-08-30 15:41:31
495,http://blogtalkradio.com/luctus/nec/molestie/sed/justo/pellentesque/viverra.html,ul,pdf,6,1961-06-13 14:47:49
496,http://delicious.com/nisl/aenean/lectus/pellentesque/eget.js,h2,xlsx,29,1974-11-03 02:52:47
497,http://yelp.com/pede/lobortis/ligula/sit/amet/eleifend/pede.xml,h2,xlsx,21,1949-03-08 18:25:33
498,http://salon.com/sociis/natoque/penatibus/et/magnis/dis/parturient.html,h2,doc,20,1963-05-29 13:54:37
499,http://merriam-webster.com/aliquet/at/feugiat/non/pretium/quis/lectus.png,div,xlsx,4,1993-01-03 23:52:46
500,http://canalblog.com/ornare/imperdiet/sapien/urna/pretium.js,h1,xls,31,1979-06-14 11:29:58
501,https://hibu.com/ante/ipsum.xml,p,doc,73,1974-02-27 22:35:39
502,http://baidu.com/cum/sociis/natoque/penatibus/et/magnis/dis.html,a,docx,32,1966-12-23 06:36:01
503,https://moonfruit.com/consequat/dui.aspx,a,txt,73,1984-02-14 18:31:25
504,https://nasa.gov/ultricies/eu.png,p,xls,8,1987-04-28 17:04:28
505,http://accuweather.com/vestibulum/rutrum.json,ul,xlsx,75,2018-12-09 14:43:20
506,https://buzzfeed.com/habitasse/platea/dictumst/maecenas.xml,section,doc,50,1959-12-18 19:40:35
507,https://techcrunch.com/sit/amet.jpg,h1,xls,62,1973-10-15 21:19:03
508,http://statcounter.com/sollicitudin/ut/suscipit/a/feugiat.aspx,main,csv,44,2014-06-14 15:41:51
509,https://ucla.edu/sapien/in/sapien/iaculis/congue.jpg,h1,html,72,1952-09-27 00:18:15
510,https://tinyurl.com/sit/amet/eros/suspendisse/accumsan.png,h2,doc,15,1981-06-14 01:09:36
511,http://archive.org/pellentesque/eget.png,p,txt,44,1999-01-18 20:20:35
512,http://statcounter.com/donec/posuere/metus/vitae/ipsum/aliquam/non.jpg,ul,doc,63,1946-12-17 23:50:51
513,https://sourceforge.net/nibh/fusce.html,li,xls,70,1963-07-30 19:20:24
514,http://wiley.com/pede/justo/eu/massa/donec/dapibus.json,main,xlsx,5,1995-02-17 04:13:20
515,http://omniture.com/vestibulum/quam/sapien/varius/ut.jsp,h2,pdf,29,1990-10-25 13:07:52
516,https://com.com/luctus/ultricies.html,ul,docx,71,1993-02-23 03:03:00
517,https://qq.com/vel.html,section,csv,44,1955-10-22 17:47:07
518,https://ed.gov/quis/orci/nullam/molestie/nibh/in.aspx,p,doc,58,1994-11-21 11:15:40
519,https://disqus.com/tristique/tortor/eu.xml,h3,csv,48,2013-10-04 13:49:57
520,http://jimdo.com/iaculis/congue/vivamus/metus/arcu/adipiscing.js,img,xlsx,52,1973-06-05 23:08:50
521,http://so-net.ne.jp/pretium.jsp,ul,csv,61,1998-03-27 06:35:10
522,http://wp.com/turpis/enim/blandit/mi.aspx,h2,pdf,69,1957-05-28 09:35:58
523,http://imdb.com/sapien/placerat.html,h2,xls,30,1986-03-01 08:54:30
524,http://twitpic.com/accumsan.aspx,p,docx,4,2008-04-10 23:09:54
525,http://utexas.edu/eget/elit/sodales/scelerisque/mauris.xml,h2,doc,24,1993-12-24 13:58:04
526,http://ihg.com/magna/vulputate/luctus.js,ol,csv,47,1950-11-18 02:52:04
527,https://geocities.jp/posuere/cubilia/curae/mauris/viverra.jpg,h2,doc,66,1970-05-30 10:18:18
528,http://google.nl/dictumst/aliquam/augue.xml,ul,xlsx,75,2018-12-05 16:03:49
529,http://toplist.cz/amet/consectetuer/adipiscing/elit/proin.json,li,docx,13,1967-09-02 07:14:07
530,http://yandex.ru/viverra/pede/ac/diam/cras/pellentesque.png,a,html,38,1939-08-03 00:27:29
531,http://ucoz.com/tellus/nulla/ut/erat/id/mauris.html,p,doc,14,1988-01-25 20:51:10
532,http://pinterest.com/dis/parturient/montes/nascetur/ridiculus/mus.png,h1,csv,72,1960-04-12 18:25:52
533,http://princeton.edu/rutrum/ac.aspx,h2,xlsx,52,1963-02-22 09:59:39
534,http://rambler.ru/mauris.json,p,docx,2,2013-08-11 21:08:54
535,http://cmu.edu/pede/morbi/porttitor.png,ul,pdf,74,2008-03-07 22:14:34
536,http://nhs.uk/odio/condimentum/id/luctus/nec/molestie/sed.jsp,h3,txt,40,1952-01-19 10:11:23
537,https://google.fr/pellentesque/ultrices/phasellus/id/sapien.js,img,xlsx,64,2008-09-28 06:37:47
538,https://elpais.com/risus/semper/porta/volutpat.xml,p,xlsx,25,2003-09-09 16:34:46
539,https://hubpages.com/quis/tortor/id/nulla/ultrices.jpg,h2,xls,75,1959-09-09 09:08:01
540,http://earthlink.net/condimentum/curabitur/in/libero/ut.jsp,div,txt,27,1989-12-15 05:37:21
541,http://hubpages.com/tristique/fusce/congue.html,p,docx,51,1975-09-17 20:58:44
542,https://indiegogo.com/viverra/dapibus/nulla/suscipit/ligula/in.png,h1,csv,38,1965-02-17 08:48:50
543,https://homestead.com/sed/magna/at/nunc/commodo.jpg,div,html,17,1983-03-05 07:47:10
544,https://who.int/odio/porttitor/id/consequat/in.js,h2,pdf,24,1975-09-18 18:47:24
545,http://vkontakte.ru/facilisi.png,section,csv,68,1986-11-29 20:57:14
546,https://wufoo.com/lacus/curabitur/at/ipsum/ac.aspx,ul,pdf,7,1977-01-03 14:49:08
547,https://sciencedirect.com/lacinia/sapien/quis/libero/nullam/sit.jpg,section,doc,69,2011-08-30 07:38:12
548,http://spiegel.de/volutpat/convallis/morbi/odio.json,ol,xls,46,1985-07-12 02:25:41
549,https://twitpic.com/vehicula/condimentum.json,p,csv,74,1992-06-20 10:33:42
550,https://flickr.com/erat/id/mauris.html,h3,pdf,14,2002-11-20 02:09:22
551,https://forbes.com/luctus/nec/molestie/sed/justo/pellentesque/viverra.js,a,doc,62,1946-09-29 21:51:10
552,http://cnet.com/purus/aliquet/at/feugiat/non/pretium.xml,h3,txt,75,2009-12-14 03:54:49
553,http://sun.com/nisl/duis/ac/nibh/fusce.xml,ul,doc,42,2006-01-13 05:34:57
554,http://nationalgeographic.com/duis/consequat/dui.html,img,csv,17,1970-09-07 16:27:01
555,https://so-net.ne.jp/nam/nulla/integer.html,ol,html,60,1963-12-02 21:58:35
556,https://arizona.edu/in/hac/habitasse/platea/dictumst.js,h3,csv,42,1993-02-28 11:40:15
557,https://tripadvisor.com/auctor/sed/tristique/in.xml,p,html,40,1973-03-11 03:38:47
558,http://cocolog-nifty.com/nulla/pede/ullamcorper.jsp,h2,txt,75,1963-11-04 11:31:32
559,https://google.com.br/vitae/ipsum/aliquam/non.png,h3,xls,58,1980-04-10 10:24:11
560,https://bravesites.com/lectus/pellentesque/at/nulla.json,main,xls,21,1960-10-13 16:53:24
561,http://washingtonpost.com/lectus/vestibulum/quam/sapien/varius/ut/blandit.jsp,div,xlsx,61,1981-10-31 11:39:22
562,https://hud.gov/elit/sodales/scelerisque.png,h1,csv,71,1975-11-27 21:46:22
563,https://zdnet.com/luctus.js,h2,csv,44,1964-12-05 16:00:57
564,http://moonfruit.com/platea/dictumst/maecenas/ut/massa.html,p,doc,67,1988-08-26 20:22:36
565,https://surveymonkey.com/ultrices/vel.json,a,html,58,1954-10-23 19:07:42
566,https://cbc.ca/rhoncus/dui/vel/sem/sed.html,div,xlsx,68,1942-05-20 06:05:11
567,https://wix.com/sem/fusce/consequat/nulla/nisl/nunc.js,a,html,66,2015-11-30 14:23:23
568,https://smugmug.com/cras/non/velit/nec/nisi.js,div,xlsx,55,1936-06-04 07:07:14
569,https://abc.net.au/integer/a.aspx,a,html,69,1957-03-31 12:19:17
570,http://un.org/amet/turpis.aspx,a,html,28,2019-10-26 23:41:24
571,http://etsy.com/in/porttitor/pede/justo/eu/massa/donec.aspx,section,csv,28,2004-12-08 19:45:42
572,http://mtv.com/tristique.aspx,h3,docx,48,2006-01-18 05:36:32
573,http://nps.gov/posuere/cubilia/curae/mauris/viverra/diam/vitae.png,p,pdf,24,1952-07-01 07:20:26
574,https://hhs.gov/bibendum/morbi/non.js,section,html,4,1988-08-31 00:59:40
575,https://eepurl.com/in.xml,ul,pdf,15,1958-03-14 12:07:37
576,http://dot.gov/blandit/lacinia/erat/vestibulum.html,div,xlsx,65,2004-03-11 09:29:51
577,http://google.it/quis/tortor/id/nulla/ultrices/aliquet/maecenas.png,h1,pdf,46,2009-05-14 15:26:52
578,http://canalblog.com/lobortis.jsp,h3,docx,10,1944-06-12 17:44:07
579,https://indiatimes.com/morbi/vestibulum/velit/id/pretium/iaculis/diam.jsp,ol,xls,43,1977-10-22 21:07:21
580,https://psu.edu/habitasse/platea/dictumst/etiam/faucibus.png,h3,xls,14,2001-07-06 00:19:51
581,https://livejournal.com/odio/justo/sollicitudin/ut/suscipit/a/feugiat.aspx,li,pdf,14,1960-10-05 07:04:07
582,http://blogs.com/viverra/dapibus/nulla/suscipit/ligula/in.html,h1,docx,1,1943-07-18 03:21:48
583,http://narod.ru/sed/nisl/nunc/rhoncus/dui/vel.json,ul,xlsx,55,1962-08-15 15:28:02
584,http://google.cn/eget.png,div,docx,61,1980-06-22 02:33:17
585,http://rambler.ru/at/vulputate/vitae/nisl/aenean/lectus.png,h2,pdf,46,1952-04-18 02:46:05
586,http://goo.gl/nisl/aenean/lectus/pellentesque.xml,h2,txt,64,1981-07-31 05:51:44
587,http://unicef.org/morbi/vestibulum/velit/id/pretium.jpg,h1,xls,53,1973-06-22 17:09:39
588,https://godaddy.com/suscipit/ligula/in/lacus/curabitur.jpg,img,txt,52,1977-03-24 16:39:07
589,http://soup.io/sit/amet/consectetuer.jsp,div,doc,66,2017-03-24 00:34:59
590,http://vkontakte.ru/blandit.xml,main,pdf,8,1994-11-03 00:01:21
591,http://google.es/fusce/congue.xml,ul,xlsx,47,1942-01-22 03:05:39
592,https://rediff.com/amet.aspx,h1,html,8,1950-09-11 02:04:00
593,http://zimbio.com/ac/tellus/semper/interdum/mauris.aspx,li,xlsx,38,1967-12-21 07:10:41
594,http://mysql.com/vivamus/in/felis/eu/sapien/cursus.html,main,csv,34,1968-02-07 18:12:00
595,http://answers.com/duis/faucibus.json,section,csv,42,1956-06-08 08:58:19
596,http://java.com/nisi/at/nibh/in/hac.js,ul,xls,70,2000-02-19 04:56:35
597,https://hibu.com/mattis.aspx,img,pdf,6,1996-03-27 15:49:59
598,http://arstechnica.com/eget/vulputate.json,h2,doc,18,1950-06-07 05:57:03
599,http://kickstarter.com/auctor/gravida/sem/praesent/id/massa/id.jsp,h3,docx,41,1951-09-24 11:24:27
600,http://youtube.com/vestibulum/velit/id.png,ol,xlsx,45,1968-02-14 07:37:18
601,http://stumbleupon.com/sapien/sapien/non/mi/integer.jsp,h3,txt,42,2010-02-07 09:53:35
602,https://dropbox.com/nam.aspx,p,xls,41,1960-05-26 21:33:40
603,http://theglobeandmail.com/vivamus/vestibulum/sagittis/sapien/cum/sociis/natoque.jpg,section,xlsx,55,1992-04-22 03:38:34
604,http://taobao.com/luctus/et/ultrices/posuere.html,ol,csv,62,1975-09-16 06:38:29
605,https://princeton.edu/quisque.json,main,pdf,8,2014-05-15 21:29:17
606,https://cornell.edu/vitae/consectetuer/eget/rutrum.html,main,xls,47,1941-07-25 21:59:45
607,http://bandcamp.com/adipiscing/lorem/vitae/mattis.png,ol,doc,4,1977-04-08 10:40:34
608,http://twitpic.com/convallis/duis.png,p,html,38,1995-03-24 08:40:27
609,https://lulu.com/orci/pede/venenatis/non/sodales/sed/tincidunt.jsp,p,csv,46,2003-08-25 16:16:52
610,https://imgur.com/suspendisse/accumsan.js,a,docx,3,1971-06-09 21:09:39
611,https://pagesperso-orange.fr/ante/vel/ipsum/praesent/blandit/lacinia.aspx,section,xlsx,1,1975-01-16 00:44:56
612,http://de.vu/cursus.html,li,html,73,2012-11-13 02:07:24
613,http://unc.edu/non/interdum.html,ul,doc,45,2009-01-14 16:14:23
614,https://phoca.cz/in/libero/ut/massa/volutpat.jpg,ol,csv,54,1967-01-21 22:25:08
615,https://time.com/eu/felis/fusce/posuere/felis.aspx,ol,html,43,1951-11-23 21:41:25
616,http://acquirethisname.com/cubilia/curae/nulla/dapibus.jpg,h1,txt,15,2002-11-23 05:28:01
617,https://ycombinator.com/quis/turpis/sed/ante/vivamus/tortor/duis.xml,li,csv,73,1972-02-14 20:04:18
618,http://abc.net.au/molestie/nibh/in/lectus/pellentesque.jsp,section,csv,2,1984-12-07 01:26:24
619,http://dailymail.co.uk/nisl/aenean/lectus/pellentesque/eget/nunc.xml,li,xlsx,35,2014-12-21 23:47:37
620,http://yahoo.com/mauris/vulputate/elementum/nullam/varius.aspx,section,txt,21,1947-02-12 12:13:32
621,http://scribd.com/praesent/blandit/lacinia/erat/vestibulum/sed/magna.png,h3,html,73,1976-09-26 16:49:41
622,https://hhs.gov/accumsan/felis/ut/at/dolor/quis.json,div,html,27,2020-10-09 11:16:01
623,https://techcrunch.com/sed/tincidunt/eu/felis/fusce.png,div,docx,38,1983-03-29 01:15:48
624,https://privacy.gov.au/primis.js,ol,xls,32,1974-01-02 16:12:28
625,https://japanpost.jp/condimentum/curabitur/in/libero/ut/massa.html,h1,xlsx,66,2014-01-23 05:57:28
626,http://ox.ac.uk/duis.jpg,ul,doc,56,1972-01-11 10:59:26
627,http://nsw.gov.au/pede/libero/quis.png,li,docx,22,2001-04-01 16:21:17
628,https://answers.com/etiam/faucibus/cursus/urna/ut/tellus/nulla.json,ol,xls,19,1974-07-07 16:52:50
629,https://cbc.ca/integer/non/velit/donec/diam.json,h2,docx,38,1946-05-24 00:18:48
630,https://liveinternet.ru/et/ultrices/posuere/cubilia/curae.jpg,ol,xls,13,1960-11-25 17:47:52
631,http://flavors.me/enim.png,img,txt,39,1942-04-04 18:44:41
632,http://merriam-webster.com/imperdiet/sapien/urna/pretium/nisl/ut/volutpat.png,main,doc,47,2002-09-22 05:22:48
633,http://amazonaws.com/viverra/diam/vitae.aspx,main,xls,40,2015-01-20 17:30:28
634,http://time.com/vel/sem/sed/sagittis/nam/congue.json,section,csv,75,1961-11-05 18:47:33
635,https://imgur.com/sem.jsp,div,txt,46,2019-08-18 20:57:53
636,https://squidoo.com/convallis/nunc/proin/at/turpis/a.aspx,p,txt,69,1965-01-16 03:49:19
637,http://yellowpages.com/sit/amet/justo/morbi/ut/odio.jsp,div,pdf,19,1965-01-08 13:16:48
638,http://howstuffworks.com/habitasse/platea/dictumst/aliquam/augue/quam/sollicitudin.json,a,html,21,1962-01-23 09:56:29
639,https://intel.com/nonummy/maecenas.png,section,txt,37,1964-10-02 00:52:56
640,http://ted.com/eget/rutrum/at/lorem.jsp,li,xlsx,56,1946-09-20 20:37:02
641,http://oakley.com/nibh/in/hac/habitasse/platea.json,h2,txt,26,1993-08-21 23:26:40
642,https://comsenz.com/amet/justo/morbi/ut/odio/cras.xml,li,pdf,53,1937-11-07 09:59:12
643,http://squarespace.com/leo/pellentesque/ultrices/mattis/odio/donec.aspx,p,txt,51,1980-11-23 09:52:08
644,https://cnbc.com/ante/vivamus/tortor/duis/mattis/egestas.jsp,main,docx,60,1995-09-02 19:51:18
645,http://chronoengine.com/accumsan/odio/curabitur/convallis/duis/consequat.aspx,h1,html,48,1957-06-10 16:59:00
646,https://printfriendly.com/leo.js,section,docx,20,1947-03-11 08:37:31
647,https://hud.gov/sit/amet/lobortis/sapien.json,h3,docx,38,1989-03-04 08:54:13
648,http://godaddy.com/vel/est/donec/odio/justo/sollicitudin.jpg,main,doc,55,1977-11-07 02:15:19
649,http://pcworld.com/vulputate.png,section,html,68,1986-03-16 07:40:59
650,https://soundcloud.com/cum/sociis.jpg,h2,xlsx,19,1977-05-27 19:31:46
651,http://abc.net.au/vel/ipsum/praesent/blandit.xml,li,pdf,70,2008-04-28 18:48:37
652,https://ibm.com/massa/quis/augue/luctus/tincidunt/nulla.js,main,csv,3,2003-10-15 23:41:13
653,http://nbcnews.com/lectus/pellentesque.js,p,txt,29,1977-12-10 12:46:39
654,http://unblog.fr/penatibus/et.js,section,docx,37,1941-10-08 02:08:56
655,http://goo.gl/odio/elementum/eu/interdum/eu.aspx,ul,html,56,1945-02-07 09:56:55
656,http://mayoclinic.com/amet/consectetuer/adipiscing.aspx,h3,xlsx,1,1966-05-08 13:50:26
657,https://ustream.tv/amet/lobortis/sapien/sapien.aspx,a,xls,30,1963-09-28 21:41:43
658,http://privacy.gov.au/imperdiet/sapien/urna.xml,a,xlsx,6,1971-09-14 23:38:20
659,https://facebook.com/semper/interdum.xml,ul,docx,68,2017-08-30 03:55:59
660,http://ameblo.jp/tempor/convallis/nulla/neque/libero.jpg,p,doc,62,1958-03-23 03:07:14
661,https://e-recht24.de/eu/tincidunt/in/leo/maecenas.png,p,pdf,68,1996-10-07 03:50:27
662,https://creativecommons.org/pede/venenatis/non/sodales/sed/tincidunt.png,h1,csv,36,1938-05-06 00:33:00
663,http://uol.com.br/dictumst/maecenas.jsp,section,txt,75,2017-10-07 02:58:46
664,http://vinaora.com/ante/ipsum/primis.jpg,section,pdf,62,1979-05-11 08:52:53
665,https://woothemes.com/lobortis/est/phasellus/sit/amet/erat/nulla.xml,main,pdf,31,1996-02-16 21:40:47
666,http://ucoz.com/ac/tellus/semper/interdum.html,section,docx,28,1978-02-27 05:16:45
667,http://arstechnica.com/mattis.aspx,ul,txt,32,2011-08-10 10:44:10
668,https://nature.com/odio/odio/elementum/eu/interdum/eu/tincidunt.js,a,xls,40,1946-09-05 10:50:49
669,http://china.com.cn/mauris/laoreet/ut/rhoncus/aliquet/pulvinar/sed.jpg,ol,xls,55,2015-10-13 12:47:57
670,http://usda.gov/tellus/semper/interdum.js,section,pdf,17,1940-08-20 10:22:33
671,https://boston.com/ipsum.json,h3,pdf,67,1998-03-02 17:41:07
672,https://ask.com/cubilia/curae/duis/faucibus/accumsan/odio/curabitur.png,ul,docx,9,1964-03-13 09:39:28
673,http://mediafire.com/convallis/duis/consequat/dui/nec.js,a,docx,55,1939-02-15 22:52:08
674,http://blogger.com/nam/dui/proin/leo/odio.aspx,h3,xlsx,52,1960-12-04 23:41:59
675,http://slashdot.org/lacus/morbi/sem.png,main,xls,50,1965-06-27 21:37:18
676,https://phpbb.com/vel/enim/sit/amet/nunc/viverra/dapibus.png,div,pdf,54,2003-01-10 21:26:43
677,https://domainmarket.com/vulputate/elementum/nullam/varius.jpg,p,pdf,57,1973-04-26 00:26:40
678,http://epa.gov/posuere/metus/vitae/ipsum.jsp,h2,csv,36,1982-06-27 18:02:35
679,https://opera.com/et.aspx,h1,docx,1,1958-07-28 15:34:00
680,http://wordpress.com/amet/lobortis/sapien/sapien/non/mi/integer.jsp,div,doc,34,1950-04-15 08:16:46
681,http://nhs.uk/neque/duis/bibendum/morbi.json,li,docx,2,1978-12-22 02:21:03
682,http://ask.com/nulla/suspendisse/potenti/cras/in.jsp,h2,docx,33,1937-12-30 21:19:04
683,https://myspace.com/aliquam/erat/volutpat/in/congue/etiam/justo.html,ol,xls,40,1938-02-02 18:59:00
684,https://freewebs.com/cum/sociis/natoque/penatibus/et.xml,main,txt,25,1970-03-16 11:41:12
685,https://harvard.edu/velit.js,div,doc,51,1989-12-23 15:04:09
686,https://washingtonpost.com/dolor/sit/amet.html,h3,xlsx,63,1958-03-02 22:27:04
687,http://wikipedia.org/consequat.png,a,doc,19,1937-09-02 12:12:51
688,https://gnu.org/ultrices.png,section,html,41,1957-11-22 18:34:26
689,http://constantcontact.com/posuere/felis/sed/lacus.js,div,xls,28,1993-06-19 22:20:39
690,http://adobe.com/massa/id/lobortis/convallis/tortor/risus.js,ul,pdf,44,1944-11-03 00:38:09
691,https://goo.gl/curabitur/at/ipsum/ac/tellus/semper/interdum.jsp,li,csv,22,1986-07-30 07:36:23
692,http://odnoklassniki.ru/vestibulum/sagittis/sapien/cum/sociis/natoque/penatibus.jsp,main,pdf,29,1944-11-15 17:37:16
693,http://usgs.gov/eget/eros/elementum/pellentesque.jsp,ul,txt,13,1968-10-28 10:35:02
694,http://simplemachines.org/pretium/nisl/ut.png,section,pdf,48,1988-12-23 23:59:53
695,http://instagram.com/leo/pellentesque/ultrices/mattis/odio.aspx,ol,csv,51,2004-05-26 19:45:07
696,https://studiopress.com/lectus/suspendisse/potenti/in/eleifend/quam.js,p,doc,8,1962-09-22 03:16:20
697,http://businessinsider.com/at/lorem/integer/tincidunt/ante.js,ul,doc,65,1949-08-31 09:34:07
698,http://cam.ac.uk/dapibus/augue.html,h1,txt,74,1991-05-28 08:16:57
699,https://alexa.com/aliquam/convallis/nunc/proin/at/turpis/a.jpg,h2,txt,4,1975-03-22 04:51:10
700,http://blogger.com/vel/lectus.png,p,doc,71,1940-09-10 12:01:45
701,http://yelp.com/viverra/dapibus/nulla/suscipit/ligula/in.jsp,li,doc,75,1990-06-04 02:07:40
702,https://hubpages.com/elit/ac/nulla/sed.html,p,doc,30,2016-07-28 05:54:56
703,http://google.co.jp/vel/augue/vestibulum/rutrum/rutrum/neque/aenean.png,section,csv,27,1956-11-20 18:37:17
704,https://youku.com/vulputate/justo/in/blandit/ultrices/enim.jsp,h1,doc,67,2018-08-18 14:18:38
705,https://yellowpages.com/porttitor.js,section,xlsx,60,1950-10-16 00:18:50
706,https://sogou.com/justo/sollicitudin/ut/suscipit/a/feugiat/et.xml,a,pdf,13,1990-07-10 13:40:55
707,http://addtoany.com/convallis/nunc/proin.json,img,html,41,2002-08-12 11:39:07
708,https://xinhuanet.com/augue/a/suscipit/nulla.js,li,html,70,1936-04-10 23:40:34
709,http://miitbeian.gov.cn/metus/aenean/fermentum/donec.png,img,xls,23,1955-05-24 18:15:04
710,https://fastcompany.com/consequat/lectus/in/est.jsp,li,txt,36,1974-09-27 10:54:14
711,http://chronoengine.com/libero/convallis/eget/eleifend.json,h3,pdf,5,1993-08-24 18:24:41
712,https://eventbrite.com/diam/id/ornare/imperdiet.xml,h3,xlsx,69,1947-03-25 20:23:12
713,https://dell.com/rutrum/nulla.js,div,html,41,1993-04-12 20:40:50
714,http://wikipedia.org/at/feugiat/non/pretium.aspx,section,doc,43,1995-11-18 02:41:27
715,http://ucoz.com/tincidunt/ante/vel/ipsum/praesent/blandit/lacinia.html,img,txt,35,1996-09-13 11:49:14
716,https://arizona.edu/primis/in/faucibus/orci/luctus/et/ultrices.json,ol,xls,7,2012-06-09 14:32:23
717,https://yolasite.com/ridiculus/mus/vivamus/vestibulum.png,main,pdf,55,1955-10-17 00:46:01
718,http://woothemes.com/ligula/nec/sem/duis/aliquam/convallis.js,h1,xlsx,9,2020-04-02 16:06:44
719,http://blog.com/lacinia/nisi.aspx,section,xlsx,58,1985-12-24 23:27:04
720,http://godaddy.com/nunc/purus.aspx,img,docx,12,1978-01-19 23:11:24
721,http://globo.com/accumsan/tellus.jsp,main,csv,5,1952-11-09 11:31:27
722,http://eepurl.com/nulla/sed/vel/enim.aspx,h2,doc,48,2017-06-24 07:06:38
723,https://springer.com/primis/in/faucibus/orci/luctus/et.png,h3,pdf,1,1975-01-03 01:34:17
724,https://toplist.cz/ornare.aspx,div,csv,48,2015-06-21 13:18:56
725,http://1688.com/at/turpis/a/pede/posuere/nonummy.jsp,h2,doc,60,1943-01-29 12:03:55
726,http://theglobeandmail.com/augue/quam/sollicitudin/vitae/consectetuer/eget/rutrum.png,img,xls,63,1993-12-23 15:46:20
727,https://privacy.gov.au/mauris/vulputate/elementum/nullam.html,h1,xlsx,32,1950-12-10 03:55:31
728,https://wordpress.com/scelerisque/quam/turpis/adipiscing/lorem/vitae/mattis.json,img,txt,28,1977-05-30 04:27:28
729,http://scribd.com/ut/suscipit.json,main,docx,45,1962-10-14 20:54:05
730,http://house.gov/laoreet/ut/rhoncus/aliquet/pulvinar/sed/nisl.jsp,section,doc,23,1990-08-28 02:07:47
731,https://about.me/magnis/dis/parturient/montes/nascetur/ridiculus/mus.xml,h1,html,73,1986-11-08 15:49:33
732,https://booking.com/non/interdum/in/ante/vestibulum/ante/ipsum.png,ol,pdf,68,2015-10-05 09:43:46
733,https://who.int/aliquam.jpg,h1,csv,7,1992-06-18 21:15:38
734,https://istockphoto.com/leo/maecenas/pulvinar/lobortis/est/phasellus/sit.js,div,html,73,1991-06-30 22:48:13
735,http://alibaba.com/lacus.json,img,doc,59,1986-12-17 05:54:02
736,http://walmart.com/at/nulla/suspendisse/potenti.jpg,img,pdf,24,1947-02-19 12:59:08
737,http://artisteer.com/rutrum/at/lorem/integer/tincidunt/ante.json,a,xlsx,61,1961-02-02 00:22:28
738,http://instagram.com/nec/sem.aspx,a,html,59,2004-10-16 13:09:44
739,http://squarespace.com/etiam/pretium/iaculis.jpg,h2,txt,7,2013-06-23 15:19:52
740,http://apache.org/mauris/lacinia/sapien.aspx,h3,html,6,2015-10-12 11:27:01
741,https://google.com.br/augue/quam/sollicitudin.js,div,txt,17,1989-02-26 06:19:24
742,https://arizona.edu/tortor/risus/dapibus/augue/vel/accumsan.aspx,main,html,69,1986-04-28 08:09:24
743,https://xrea.com/tempor/turpis/nec/euismod/scelerisque/quam/turpis.xml,ol,docx,63,1965-04-12 04:58:32
744,http://amazonaws.com/dictumst/morbi/vestibulum.aspx,ol,txt,31,1996-10-21 22:28:59
745,https://skyrock.com/nulla/sed/accumsan/felis/ut.aspx,li,txt,52,1964-07-01 00:58:14
746,https://google.ru/amet.json,section,xlsx,25,1999-11-17 19:30:36
747,http://ucoz.com/vestibulum/sit/amet/cursus/id/turpis.json,section,txt,2,2008-05-28 19:06:31
748,https://opera.com/ultrices/posuere/cubilia.png,main,txt,63,2012-10-16 17:15:07
749,http://webmd.com/vestibulum/velit/id/pretium.aspx,h3,html,5,1979-06-18 05:19:52
750,http://hp.com/duis/faucibus/accumsan/odio/curabitur/convallis.js,p,pdf,63,1936-04-15 04:31:09
751,https://gmpg.org/in/faucibus/orci/luctus/et/ultrices.html,li,docx,26,1980-05-21 00:05:14
752,https://nymag.com/posuere/nonummy/integer/non.html,h2,csv,75,2015-01-31 13:49:38
753,https://umich.edu/ligula/suspendisse/ornare/consequat/lectus/in/est.aspx,h2,pdf,27,2000-03-11 14:57:37
754,https://zimbio.com/posuere/nonummy/integer/non.aspx,p,docx,74,2021-06-26 22:52:44
755,http://indiatimes.com/in/ante/vestibulum/ante/ipsum.aspx,h3,xls,59,1936-05-28 19:23:43
756,https://bbc.co.uk/phasellus/id/sapien.png,p,doc,58,2008-06-22 11:46:05
757,https://bandcamp.com/in/faucibus/orci/luctus/et/ultrices.jsp,div,csv,7,1936-01-30 02:42:54
758,http://adobe.com/odio/porttitor/id.aspx,h1,xlsx,18,1936-09-19 22:37:20
759,https://yellowpages.com/vitae/quam/suspendisse/potenti/nullam/porttitor/lacus.aspx,div,doc,75,2002-04-29 16:07:44
760,http://hc360.com/habitasse/platea/dictumst/maecenas.json,p,csv,13,1959-04-21 03:27:44
761,http://infoseek.co.jp/venenatis/non.html,main,xlsx,29,1969-05-09 22:03:31
762,https://taobao.com/sed.json,h1,html,53,1967-08-19 14:26:20
763,http://dyndns.org/non/pretium/quis/lectus.js,h3,pdf,35,1964-01-01 04:08:11
764,http://whitehouse.gov/aliquet/pulvinar/sed/nisl/nunc/rhoncus/dui.jsp,main,doc,19,2010-06-16 00:52:09
765,https://wordpress.com/sed/tristique/in/tempus/sit.jsp,h3,pdf,73,1945-04-30 23:13:38
766,http://baidu.com/orci/mauris/lacinia/sapien/quis.jsp,h1,doc,60,1982-06-05 07:06:57
767,http://who.int/sapien/sapien/non/mi/integer/ac.jpg,img,doc,26,2011-12-16 10:21:56
768,http://tripod.com/nulla/ac/enim/in/tempor.js,p,xls,65,2018-06-30 22:32:47
769,http://unesco.org/eu/sapien/cursus.aspx,h1,xlsx,25,1978-11-20 13:12:38
770,http://nasa.gov/nascetur.jsp,a,doc,55,1945-11-13 12:53:15
771,http://aboutads.info/eget/eleifend/luctus.js,h1,docx,21,1947-04-03 17:11:25
772,https://joomla.org/nam/dui/proin.jsp,p,docx,54,2001-11-20 14:17:05
773,http://cloudflare.com/nisi/vulputate/nonummy/maecenas/tincidunt/lacus/at.json,ol,pdf,74,1995-03-15 16:02:35
774,https://shutterfly.com/quam/sapien/varius/ut/blandit/non.json,h2,html,5,1965-07-04 07:40:52
775,http://house.gov/potenti/cras/in/purus/eu/magna/vulputate.js,h2,xlsx,29,2008-12-15 12:03:17
776,https://jimdo.com/imperdiet/et.jpg,div,csv,40,2005-09-06 15:04:19
777,http://dot.gov/suscipit/nulla.json,li,xlsx,30,1937-12-02 20:54:23
778,http://wufoo.com/neque/vestibulum/eget/vulputate/ut/ultrices/vel.jsp,h2,xls,34,1971-06-02 13:43:22
779,http://google.de/sagittis/nam.png,img,doc,35,1965-03-24 17:36:59
780,https://w3.org/orci/nullam/molestie/nibh/in/lectus.js,h2,html,44,1952-03-25 15:57:27
781,http://qq.com/mattis/pulvinar/nulla/pede.json,p,csv,17,1982-07-05 06:52:21
782,http://printfriendly.com/tincidunt/ante/vel/ipsum/praesent.jsp,p,html,30,1945-10-05 07:13:59
783,https://moonfruit.com/maecenas/tincidunt/lacus/at/velit/vivamus.jsp,h3,txt,52,1938-01-02 18:33:59
784,https://statcounter.com/id/consequat.html,a,csv,35,2016-12-16 18:01:42
785,https://wix.com/lorem/id/ligula/suspendisse/ornare/consequat.jsp,a,docx,52,1995-07-11 09:31:07
786,http://ning.com/vulputate/ut/ultrices/vel/augue.html,a,html,16,1955-01-11 19:11:41
787,https://kickstarter.com/turpis/sed/ante/vivamus.jpg,p,xls,63,1961-11-12 06:53:48
788,http://networksolutions.com/et/magnis.json,a,txt,22,1956-04-04 06:43:05
789,https://naver.com/habitasse/platea.html,ul,xlsx,66,1970-07-22 18:18:30
790,https://freewebs.com/egestas/metus/aenean/fermentum/donec.jpg,main,html,17,1973-06-25 13:35:56
791,http://weebly.com/libero.jsp,ul,html,74,1977-06-08 01:39:20
792,http://ustream.tv/nulla/pede.html,h1,doc,4,1955-01-11 01:42:42
793,http://independent.co.uk/ac/enim/in/tempor/turpis/nec/euismod.aspx,h1,html,33,1986-07-30 11:48:12
794,http://guardian.co.uk/lacus/curabitur/at.xml,section,csv,18,2003-08-29 23:29:18
795,http://uol.com.br/hac.js,h2,html,6,1975-04-14 20:03:13
796,http://storify.com/pellentesque.xml,h1,xls,7,1974-06-01 06:09:33
797,https://domainmarket.com/consequat/ut/nulla/sed.aspx,p,csv,12,2008-12-16 00:43:02
798,http://slideshare.net/morbi/sem/mauris/laoreet/ut/rhoncus.jsp,ol,pdf,30,1977-04-26 05:39:25
799,https://bloomberg.com/maecenas/rhoncus/aliquam.jsp,a,xlsx,63,1959-04-14 07:09:40
800,https://digg.com/luctus/et/ultrices/posuere.jsp,h3,docx,42,1972-05-25 08:18:45
801,https://webmd.com/enim/lorem/ipsum/dolor/sit/amet.jsp,main,xls,9,1980-01-24 12:51:26
802,https://jalbum.net/in/eleifend/quam/a/odio.xml,ul,xls,2,1965-09-19 11:16:03
803,https://yahoo.co.jp/molestie.js,main,html,68,1964-09-18 06:53:16
804,https://cisco.com/venenatis/lacinia/aenean/sit.html,img,xls,36,1968-12-23 07:36:50
805,https://jalbum.net/ridiculus/mus.xml,main,txt,7,1952-07-18 19:09:44
806,https://cargocollective.com/fusce/consequat/nulla/nisl/nunc/nisl.jsp,h1,html,25,1953-02-10 18:55:28
807,http://pcworld.com/elementum/ligula/vehicula.json,h1,xls,4,1992-08-04 05:51:51
808,http://wsj.com/nulla/ac/enim/in/tempor/turpis/nec.xml,div,docx,4,1980-09-18 00:33:18
809,https://pen.io/id/turpis/integer/aliquet.js,p,docx,60,1977-03-29 15:07:43
810,http://constantcontact.com/arcu/adipiscing/molestie/hendrerit/at.html,section,csv,22,2017-01-03 14:36:44
811,http://meetup.com/magna/vulputate/luctus/cum/sociis.json,img,docx,44,1965-02-22 22:11:33
812,https://homestead.com/maecenas/tincidunt/lacus/at/velit.aspx,li,pdf,57,1991-06-29 23:41:23
813,https://histats.com/nulla/facilisi/cras/non/velit/nec.png,section,csv,2,1973-03-21 00:22:08
814,https://last.fm/nam.html,div,xls,43,1954-05-13 03:26:04
815,http://devhub.com/nullam/porttitor/lacus/at/turpis.html,h2,xls,34,2006-08-07 04:22:11
816,https://aol.com/amet/cursus/id/turpis/integer/aliquet/massa.aspx,a,pdf,36,1945-08-21 00:09:25
817,https://nationalgeographic.com/in/faucibus/orci/luctus/et/ultrices.js,section,csv,29,1992-06-25 22:42:10
818,https://csmonitor.com/morbi/vel/lectus/in/quam/fringilla/rhoncus.html,h2,pdf,70,1970-12-03 10:18:17
819,http://dagondesign.com/tempus/vivamus.js,ul,html,13,1940-06-19 23:02:14
820,http://surveymonkey.com/hendrerit/at/vulputate/vitae/nisl/aenean.aspx,h2,docx,39,2017-04-02 00:48:05
821,https://example.com/pede/posuere/nonummy/integer.js,li,html,70,1991-09-03 02:35:37
822,http://lycos.com/curabitur.xml,section,csv,39,1977-09-21 01:40:33
823,http://trellian.com/nam.png,h2,csv,63,1968-09-17 11:03:21
824,http://storify.com/aliquet/at/feugiat/non/pretium/quis.aspx,img,html,41,1981-09-20 19:27:14
825,http://soundcloud.com/curabitur/at/ipsum/ac/tellus.aspx,div,pdf,39,1936-07-09 18:54:54
826,http://usa.gov/et/tempus/semper/est.jsp,main,doc,61,1975-10-18 02:53:21
827,http://phoca.cz/nulla/sed/vel.aspx,h3,xls,30,2003-10-21 08:53:31
828,https://youtu.be/orci/mauris/lacinia.jpg,a,csv,54,1940-12-16 20:15:17
829,https://wired.com/scelerisque.json,h3,html,11,1978-04-03 15:19:13
830,https://thetimes.co.uk/integer.jsp,div,pdf,48,2012-04-14 23:51:25
831,https://g.co/rutrum/ac/lobortis.aspx,img,xlsx,51,1980-04-05 09:10:41
832,https://sun.com/pretium/nisl/ut.jpg,h1,xls,5,1984-06-05 16:09:39
833,https://cam.ac.uk/morbi.json,h2,doc,49,2016-09-07 07:45:03
834,https://t-online.de/massa/quis/augue/luctus/tincidunt/nulla/mollis.xml,div,doc,37,2000-02-22 01:17:50
835,https://ning.com/faucibus/orci/luctus/et/ultrices/posuere.js,p,xls,40,2004-02-21 23:57:43
836,https://netlog.com/sed/nisl/nunc/rhoncus/dui.html,ul,xlsx,70,2012-12-18 04:27:36
837,http://sun.com/sem/sed/sagittis/nam/congue.json,h1,docx,73,2003-04-05 21:39:45
838,http://e-recht24.de/at/diam/nam/tristique/tortor.xml,main,txt,23,1958-02-05 15:36:45
839,http://sciencedirect.com/velit/eu.js,h2,csv,25,1992-03-27 08:50:06
840,https://mapquest.com/tincidunt/in/leo/maecenas/pulvinar.html,li,xls,16,1995-07-23 16:47:00
841,http://netscape.com/in/sapien/iaculis/congue.js,div,doc,31,1937-02-20 16:45:28
842,http://webeden.co.uk/amet/sapien/dignissim/vestibulum.jsp,li,csv,21,1983-09-26 08:53:37
843,http://1und1.de/dis/parturient/montes.js,ul,txt,61,1942-04-11 12:16:24
844,https://cornell.edu/ultrices/erat.jpg,img,doc,26,2001-12-31 05:19:06
845,https://quantcast.com/mollis/molestie/lorem/quisque/ut/erat/curabitur.png,h2,doc,58,1963-08-29 04:13:36
846,http://uol.com.br/montes/nascetur/ridiculus/mus.js,p,csv,74,1974-06-22 02:56:22
847,http://microsoft.com/duis/consequat/dui/nec/nisi/volutpat.aspx,a,xlsx,61,1966-02-15 16:32:14
848,http://ustream.tv/adipiscing/molestie/hendrerit/at/vulputate/vitae/nisl.html,li,csv,11,1954-03-30 16:17:36
849,http://dion.ne.jp/elementum/eu/interdum/eu/tincidunt/in/leo.json,p,csv,72,1936-09-07 05:34:39
850,http://accuweather.com/eget/vulputate/ut/ultrices/vel/augue.jsp,ol,csv,34,1974-07-20 00:40:04
851,https://columbia.edu/mi/integer/ac.jsp,section,txt,59,1999-08-31 09:13:16
852,http://harvard.edu/eget/eleifend/luctus/ultricies/eu/nibh.html,h2,csv,12,1950-01-07 12:42:50
853,https://ted.com/a/suscipit/nulla/elit.jpg,ol,pdf,50,1938-01-21 16:03:03
854,http://si.edu/interdum/venenatis/turpis.js,h3,xlsx,11,2002-11-22 12:03:40
855,http://census.gov/velit/nec/nisi/vulputate/nonummy.xml,h2,pdf,66,2015-09-24 01:25:21
856,http://tiny.cc/nisl/duis/bibendum/felis/sed.jsp,a,xlsx,57,1964-01-02 21:54:23
857,https://clickbank.net/nulla/eget/eros.xml,ul,doc,21,2021-08-07 17:34:26
858,http://unicef.org/eleifend/donec/ut/dolor/morbi/vel/lectus.jpg,h3,html,18,1948-07-17 06:33:32
859,http://bandcamp.com/suspendisse/potenti/in/eleifend/quam.js,div,csv,46,1975-05-09 05:40:11
860,https://simplemachines.org/dapibus/dolor/vel/est/donec.json,ol,txt,24,1983-03-17 13:14:46
861,https://wordpress.com/lacus/purus.js,h1,txt,38,1939-03-22 09:05:40
862,https://vkontakte.ru/pretium/iaculis/diam/erat/fermentum.js,h3,doc,39,1977-10-19 14:04:33
863,http://shutterfly.com/quis/libero/nullam/sit.json,ol,doc,49,1996-01-31 03:38:28
864,http://un.org/quam/pharetra/magna/ac/consequat/metus.aspx,h1,doc,2,2004-10-19 09:32:13
865,https://weibo.com/donec/semper/sapien/a/libero/nam.json,section,docx,73,1982-11-27 01:50:21
866,http://comsenz.com/suscipit/a/feugiat.json,main,pdf,24,1963-10-26 15:24:19
867,https://hc360.com/sit/amet/lobortis/sapien/sapien/non/mi.html,li,doc,18,1939-09-21 05:23:32
868,http://army.mil/cubilia/curae/mauris.png,section,docx,47,1998-08-03 09:53:16
869,http://lulu.com/a/feugiat/et/eros.jpg,img,pdf,63,2002-01-08 10:29:51
870,http://cisco.com/felis/ut/at/dolor/quis/odio.jsp,li,docx,73,2008-05-27 01:01:01
871,http://economist.com/pellentesque/ultrices/mattis/odio/donec/vitae.jpg,h3,pdf,22,2006-01-30 18:26:16
872,http://toplist.cz/lacus/purus/aliquet/at/feugiat/non/pretium.js,h2,doc,9,1976-06-10 00:01:29
873,https://cnet.com/hac/habitasse/platea.aspx,li,txt,45,1966-09-03 02:27:44
874,https://utexas.edu/mi/sit/amet/lobortis/sapien/sapien.json,p,txt,70,1975-01-21 00:23:31
875,http://comcast.net/id/ligula/suspendisse/ornare/consequat/lectus/in.html,section,doc,18,1968-03-07 21:24:31
876,http://rakuten.co.jp/in.jpg,h2,xls,3,1947-07-26 07:10:42
877,http://hud.gov/convallis/nunc/proin/at/turpis/a/pede.png,a,html,71,2002-04-03 13:36:58
878,http://squidoo.com/sem/duis/aliquam.aspx,h1,doc,72,1941-06-13 12:36:38
879,http://oakley.com/risus/dapibus/augue/vel/accumsan/tellus/nisi.html,main,pdf,14,1952-07-14 19:42:20
880,http://usda.gov/luctus/cum/sociis/natoque/penatibus.jpg,h1,csv,30,1999-05-17 19:32:30
881,https://arstechnica.com/amet/turpis/elementum/ligula.aspx,h3,html,23,1953-02-04 13:53:15
882,https://uol.com.br/arcu.js,h1,doc,20,2014-10-03 10:34:08
883,https://jimdo.com/mattis/odio/donec/vitae.json,h2,xls,16,2004-08-13 08:16:47
884,http://columbia.edu/tempus/semper/est/quam/pharetra/magna.aspx,h3,xls,71,1970-05-22 23:11:05
885,http://yahoo.co.jp/diam/nam/tristique/tortor/eu.xml,h3,xls,69,1943-03-14 10:07:29
886,https://engadget.com/odio/curabitur/convallis/duis/consequat.aspx,ul,doc,10,1965-09-29 08:38:20
887,https://t-online.de/dolor/sit/amet.png,h2,csv,61,1984-11-13 10:00:57
888,http://uiuc.edu/pede/ullamcorper/augue/a.jpg,img,csv,8,1975-09-09 01:21:19
889,http://dyndns.org/sit/amet.html,div,html,17,1938-02-13 08:47:11
890,http://psu.edu/justo.html,a,xlsx,57,2012-09-13 06:22:21
891,http://unc.edu/hac.json,section,pdf,63,2011-02-05 10:30:04
892,https://godaddy.com/ultrices.html,img,xls,30,1979-07-22 13:47:25
893,https://dmoz.org/nisl/nunc/rhoncus/dui/vel/sem.js,h2,xlsx,30,1955-04-30 05:19:35
894,https://icio.us/sit/amet.jsp,li,txt,66,1996-07-09 18:17:41
895,https://comcast.net/dictumst/aliquam/augue/quam/sollicitudin/vitae.jpg,img,txt,16,1942-05-09 20:48:02
896,http://dell.com/sem/mauris/laoreet/ut/rhoncus/aliquet.png,h1,xlsx,9,1945-09-25 12:10:36
897,http://virginia.edu/orci/vehicula/condimentum/curabitur.xml,h3,xls,28,1972-10-12 19:54:37
898,https://flavors.me/rutrum/neque/aenean.html,ol,xlsx,60,1979-02-11 22:25:06
899,https://yahoo.co.jp/iaculis.png,h3,csv,42,1984-05-07 10:45:35
900,https://slideshare.net/a/ipsum/integer.aspx,h2,html,8,1985-10-13 01:08:34
901,http://goo.ne.jp/curae.jsp,img,csv,64,1992-01-18 14:10:43
902,https://chron.com/eleifend/luctus/ultricies/eu.jsp,h3,docx,6,2017-12-27 21:02:49
903,http://multiply.com/ut/blandit/non.jpg,a,pdf,25,1937-11-09 17:45:35
904,http://behance.net/donec/quis/orci/eget.xml,h2,xls,44,1989-02-25 03:54:18
905,http://chronoengine.com/nunc/vestibulum/ante/ipsum/primis/in.json,ul,xlsx,1,1966-12-27 09:52:09
906,https://businesswire.com/sed/tristique.html,p,pdf,32,1963-05-30 17:21:42
907,https://topsy.com/libero/ut/massa/volutpat/convallis/morbi.html,h1,doc,43,1973-11-22 14:14:33
908,https://google.ru/libero/non/mattis.xml,main,xls,51,2006-10-18 11:04:24
909,http://baidu.com/consequat/varius/integer.png,div,docx,10,1942-02-02 01:05:40
910,https://pagesperso-orange.fr/eros/elementum/pellentesque.js,img,docx,47,1939-03-15 02:45:03
911,http://last.fm/amet/justo/morbi/ut/odio/cras/mi.aspx,img,doc,61,1984-07-09 02:56:35
912,http://cam.ac.uk/cras.xml,ol,html,15,2021-09-13 00:50:00
913,https://homestead.com/felis/fusce/posuere/felis/sed/lacus/morbi.jsp,ul,xlsx,67,2012-03-22 23:16:05
914,https://usnews.com/in/consequat/ut/nulla/sed.png,div,txt,52,2004-06-04 19:53:40
915,https://amazon.de/volutpat/quam/pede/lobortis/ligula/sit.png,section,pdf,27,1956-07-21 10:18:09
916,https://quantcast.com/urna/ut/tellus.js,h2,xls,37,1986-11-10 19:12:58
917,https://xing.com/at/nunc.jsp,h1,xls,45,1949-03-20 02:36:06
918,https://mashable.com/ut/at/dolor/quis/odio/consequat.png,h2,doc,61,2004-04-03 00:49:50
919,http://slideshare.net/nisi/venenatis/tristique/fusce/congue/diam.jpg,li,txt,16,2019-02-21 04:43:10
920,https://ted.com/venenatis/turpis/enim.jsp,a,docx,40,1936-05-23 23:42:56
921,https://163.com/luctus/nec/molestie/sed/justo/pellentesque.js,h2,txt,15,1980-01-27 13:22:12
922,http://dyndns.org/eu.json,h2,doc,53,1998-06-03 06:00:34
923,https://virginia.edu/justo/aliquam/quis/turpis/eget/elit.xml,h1,html,31,1957-03-08 22:57:28
924,http://skype.com/feugiat/non.aspx,h3,txt,14,1956-01-19 23:22:09
925,https://scientificamerican.com/sed/augue/aliquam/erat/volutpat/in/congue.aspx,h1,xls,19,1997-10-26 06:15:18
926,http://pagesperso-orange.fr/vestibulum/eget/vulputate/ut/ultrices.aspx,ol,docx,48,1982-02-04 14:38:05
927,http://ox.ac.uk/parturient.aspx,div,txt,47,1983-07-03 07:27:42
928,http://pcworld.com/blandit.js,a,html,72,1995-11-05 05:30:39
929,http://arizona.edu/at/turpis/donec/posuere/metus/vitae/ipsum.xml,div,xlsx,41,1980-07-15 21:46:26
930,http://stanford.edu/faucibus/orci.jsp,p,xlsx,30,1949-05-26 17:28:32
931,https://vk.com/in/quis.jsp,ol,doc,37,2001-10-24 02:51:38
932,http://prweb.com/fusce/congue/diam/id/ornare.json,a,xlsx,66,1940-08-20 18:42:43
933,http://histats.com/dolor.json,h2,doc,1,2000-08-08 18:25:40
934,http://tuttocitta.it/magna/at/nunc/commodo/placerat.js,main,xlsx,15,1936-10-03 22:03:10
935,https://cnbc.com/justo/maecenas.js,img,doc,15,2001-10-03 08:44:25
936,http://amazon.co.uk/cursus/urna/ut/tellus/nulla/ut/erat.js,ol,pdf,55,1944-09-27 09:25:08
937,http://elpais.com/ante/vivamus/tortor/duis.xml,div,csv,47,1962-09-09 19:59:58
938,https://businesswire.com/vulputate/elementum/nullam/varius/nulla/facilisi.jsp,ol,xlsx,46,2001-01-25 08:33:31
939,http://wsj.com/mauris.jpg,img,doc,51,1940-04-05 22:29:53
940,https://etsy.com/ultrices/libero/non/mattis/pulvinar/nulla/pede.jpg,img,doc,22,1959-12-31 01:02:04
941,http://mlb.com/vivamus/vestibulum.html,main,xls,66,1986-03-01 13:16:47
942,https://wp.com/ullamcorper/purus.aspx,main,txt,1,1996-08-17 00:09:08
943,http://dedecms.com/in/blandit/ultrices/enim.aspx,a,html,36,1980-12-11 23:12:31
944,http://ebay.co.uk/cum/sociis/natoque/penatibus/et/magnis.aspx,main,docx,67,1955-11-15 21:07:40
945,http://geocities.jp/morbi/vestibulum.png,h1,xlsx,18,1950-10-18 05:11:29
946,https://huffingtonpost.com/nec/euismod/scelerisque/quam.html,h3,pdf,48,1983-09-12 03:47:46
947,http://wikia.com/eu/interdum/eu/tincidunt.json,h2,pdf,33,1978-09-15 04:37:39
948,https://hubpages.com/curabitur/gravida/nisi/at/nibh/in.jpg,img,docx,59,1963-08-07 05:51:08
949,https://ucoz.ru/suspendisse/potenti/cras/in/purus/eu.json,p,doc,41,1961-05-30 12:07:03
950,https://people.com.cn/a/odio/in.xml,p,xls,50,1986-03-19 22:23:12
951,https://sciencedaily.com/ligula/sit/amet/eleifend.html,li,xls,28,1967-07-14 20:05:27
952,https://wix.com/sagittis/nam/congue/risus.aspx,h3,pdf,13,1950-11-14 19:04:42
953,https://sbwire.com/primis/in.aspx,section,docx,46,2014-02-16 00:32:01
954,http://mozilla.com/id/luctus.jsp,section,html,16,1968-12-04 10:52:12
955,https://mit.edu/tincidunt/lacus/at/velit/vivamus/vel.html,ol,doc,6,1965-03-08 10:07:35
956,https://sogou.com/felis/fusce/posuere/felis/sed/lacus.json,h2,xls,9,2006-09-16 09:08:59
957,https://cbsnews.com/massa.js,div,xls,1,1963-02-17 19:54:31
958,https://businesswire.com/ante.jsp,ol,csv,10,1943-11-13 10:26:19
959,https://infoseek.co.jp/ut/massa/quis/augue/luctus.jpg,section,html,52,1944-11-05 17:30:39
960,https://drupal.org/porttitor/id/consequat.xml,main,docx,37,1987-12-29 21:41:00
961,https://fema.gov/quam.xml,h2,txt,13,1979-11-13 11:56:09
962,http://eepurl.com/vivamus/tortor/duis/mattis/egestas.jsp,main,txt,49,1983-05-06 06:04:03
963,http://merriam-webster.com/sit/amet/nunc/viverra.png,p,csv,32,2012-10-05 22:24:05
964,https://blinklist.com/consequat.html,h3,csv,14,2004-01-27 15:20:02
965,https://buzzfeed.com/velit/vivamus.html,section,pdf,72,2018-07-14 09:44:16
966,https://xinhuanet.com/eleifend/pede.html,h2,xlsx,13,1995-09-30 03:08:38
967,http://lulu.com/id/consequat.html,h3,txt,22,1995-01-08 20:37:10
968,https://yelp.com/quis/libero/nullam/sit/amet/turpis.js,section,xls,15,2010-10-06 14:26:33
969,https://xing.com/arcu.aspx,ul,docx,37,1986-07-25 00:03:51
970,https://liveinternet.ru/volutpat/erat/quisque.jpg,img,html,62,1936-02-13 07:06:33
971,https://google.co.jp/diam/id/ornare/imperdiet/sapien/urna/pretium.aspx,section,docx,7,1939-08-31 02:28:11
972,https://theatlantic.com/vestibulum.png,h2,doc,48,1999-07-16 08:28:20
973,http://ucoz.com/semper/rutrum/nulla/nunc/purus/phasellus/in.png,main,html,34,1953-01-07 22:09:48
974,http://wunderground.com/leo/maecenas/pulvinar/lobortis/est/phasellus.png,p,xls,66,1947-05-20 08:29:02
975,https://narod.ru/in/tempus/sit/amet/sem/fusce.xml,h2,xlsx,49,1991-12-19 09:37:09
976,http://abc.net.au/in.js,h1,txt,52,1995-01-05 10:08:45
977,https://e-recht24.de/odio.html,p,html,50,1991-09-01 01:47:32
978,https://ucoz.com/in/est/risus/auctor.html,a,html,51,1994-12-11 04:49:45
979,http://wiley.com/sed.html,main,xls,45,1945-12-28 21:34:19
980,https://elegantthemes.com/varius/ut.json,h2,csv,42,1944-02-11 00:46:46
981,http://usda.gov/non.jsp,h2,pdf,21,1955-12-16 16:16:40
982,http://diigo.com/vulputate/justo/in/blandit/ultrices/enim/lorem.jsp,h2,xlsx,44,1984-07-22 03:29:28
983,http://booking.com/maecenas/tristique/est.jsp,h1,docx,32,1954-01-26 14:36:18
984,http://uiuc.edu/tempus/sit/amet/sem/fusce/consequat.jpg,h2,xlsx,32,1995-01-24 00:45:18
985,https://google.ca/leo.jsp,a,csv,45,1985-01-11 21:48:18
986,http://icq.com/at.aspx,li,pdf,13,1983-07-25 21:27:35
987,https://gizmodo.com/turpis/adipiscing/lorem.json,img,html,65,1996-05-08 10:53:50
988,https://accuweather.com/lacus/at/turpis/donec/posuere/metus/vitae.jpg,ul,csv,4,1980-03-10 06:47:27
989,http://yellowpages.com/et/magnis/dis/parturient.js,h3,docx,65,1995-10-03 20:05:46
990,https://engadget.com/ridiculus/mus/etiam.jpg,section,html,58,2011-02-08 01:46:17
991,https://yahoo.co.jp/maecenas/pulvinar.aspx,main,pdf,74,2013-03-19 17:22:31
992,http://newsvine.com/at/feugiat.xml,li,xls,69,1966-10-19 16:10:20
993,http://economist.com/nunc/purus/phasellus/in.jpg,h3,xlsx,28,1996-01-24 03:49:32
994,https://xing.com/in.html,ol,doc,12,2010-12-05 12:43:28
995,http://cnn.com/pede/lobortis/ligula/sit.jsp,h3,csv,62,1976-11-06 08:11:09
996,https://sfgate.com/sociis.aspx,h3,doc,69,2019-06-26 17:48:51
997,https://nps.gov/ut.jsp,li,doc,4,2015-01-28 02:59:28
998,https://mlb.com/nulla/sed/accumsan.aspx,ol,html,41,1984-05-03 21:34:34
999,https://joomla.org/nam/dui/proin/leo/odio/porttitor.jpg,div,txt,22,2015-05-22 22:14:48
1000,https://paginegialle.it/vestibulum/aliquet/ultrices/erat/tortor/sollicitudin/mi.html,ol,doc,1,1985-04-18 13:30:24
1001,https://nasa.gov/massa/donec.aspx,p,xlsx,43,1981-05-14 09:27:55
1002,http://youtube.com/magna/at/nunc.xml,ol,html,25,1982-12-26 06:44:07
1003,http://squidoo.com/massa/tempor/convallis/nulla/neque/libero.jpg,h2,txt,72,1939-05-30 18:21:01
